seg,ln,hj,gd,gd1,gd2,gd3,ba,bb,wb,hs,yz,xr,fy
0,0,上德不德,,,,,□□□□,上德不德,上德不德,上德不德,上德不德,,上德不德
0,1,是以有德,,,,,□□□□,是以有德,是以有德,是以有德,是以有德,,是以有德
0,2,下德不失德,,,,,□□□□□,下德不失德,下德不失德,下德不失德,下德不失德,,下德不失德
0,3,是以無德,,,,,□□□德,是以无德,是以無德,是以無德,是以無德,,是以無德
0,4,上德無爲而無以爲,,,,,上德无□□无以爲也,上德无爲而无以爲也,上德無爲而無以爲,上德無爲而無以爲,上德無爲而無不爲,,上德無爲而無不爲
0,5,下德□之而無以爲,,,,,,,下德爲之而有以爲,下德爲之而有以爲,下德爲之而有以爲,,下德爲之而無以爲
0,6,上仁爲之而無以爲,,,,,上仁爲之□□以爲也,上仁爲之而无以爲也,上仁爲之而無以爲,上仁爲之而無以爲,上仁爲之而無以爲,,上仁爲之而無以爲
0,7,上義爲之而有以爲,,,,,上義爲之而有以爲也,上德爲之而有以爲也,上義爲之而有以爲,上義爲之而有以爲,上義爲之而有以爲,,上義爲之而有以爲
0,8,上禮爲之而莫之應,,,,,上禮□□□□□□□,上禮爲之而莫之應也,上禮爲之而莫之應,上禮爲之而莫之應,上禮爲之而莫之應,,上禮爲之而莫之應
0,9,則攘臂而乃之,,,,,□攘臂而乃之,則攘臂而乃之,則攘臂而扔之,則攘臂而仍之,則攘臂而仍之,,則攘臂而仍之
0,10,故失道而後德,,,,,故失道而后德,故失道而后德,故失道而後德,故失道而後德,故失道而後德,,故失道而後德
0,11,失德而後仁,,,,,失德而后仁,失德而句仁,失德而後仁,失德而後仁,失德而後仁,,失德而後仁
0,12,失仁而後義,,,,,失仁而后義,失仁而句義,失仁而後義,失仁而後義,失仁而後義,,失仁而後義
0,13,失義而後禮,,,,,□□□□□,失義而句禮,失義而後禮,失義而後禮,失義而後禮,,失義而後禮
0,14,夫禮,,,,,□□□,夫禮者,夫禮者,夫禮者,禮者,,夫禮者
0,15,忠信之淺,,,,,□□□□□,忠信之泊也,忠信之薄,忠信之薄,忠信之薄,,忠信之薄
0,16,而亂之首也,,,,,而亂之首也,而亂之首也,而亂之首,而亂之首,而亂之首,,而亂之首也
0,17,前識者,,,,,□□□,前識者,前識者,前識者,前識者,,前識者
0,18,道之華,,,,,道之華也,道之華也,道之華,道之華,道之華,,道之華
0,19,而愚之首也,,,,,而愚之首也,而愚之首也,而愚之始,而愚之始,而愚之始,,而愚之始也
0,20,是以大丈夫居其厚,,,,,是以大丈夫居亓厚,是以大丈夫居□□,是以大丈夫處其厚,是以大丈夫處其厚,是以大丈夫處其厚,,是以大丈夫處其厚
0,21,不居其薄,,,,,而不居亓泊,□□居亓泊,不居其薄,不居（處）其薄,不處其薄,,不處其薄
0,22,居其實,,,,,居亓實,居亓實,處其實,處其實,處其實,,處其實
0,23,不居其華,,,,,不居亓華,而不居亓華,不居其華,不居（處）其華,不處其華,,不處其華
0,24,故去被取此,,,,,故去皮取此,故去罷而取此,故去彼取此,故去彼取此,去彼取此,,故去彼取此
0,25,,,,,,,,,,,,
1,0,昔得一者,,,,,昔之得一者,昔得一者,昔之得一者,昔之得一者,昔之得一者,,昔之得一者
1,1,天得一以精,,,,,天得一以清,天得一以清,天得一以清,天得一以清,天得一以清,,天得一以清
1,2,地得一以寧,,,,,地得□以寧,地得一以寧,地得一以寧,地得一以寧,地得一以寧,,地得一以寧
1,3,神得一以靈,,,,,神得一以霝,神得一以霝,神得一以靈,神得一以靈,神得一以靈,,神得一以靈
1,4,谷得一以盈,,,,,浴得一以盈,浴得一盈,谷得一以盈,谷得一以盈,谷得一以盈,,谷得一以盈
1,5,,,,,,,,萬物得一以生,萬物得一以生,,,萬物得一以生
1,6,侯王得一以爲正,,,,,侯□□□而以爲正,侯王得一以爲天下正,侯王得一以爲天下貞,侯王得一以爲天下正,侯王得一以爲天下正,,王侯得一以爲天下貞
1,7,其致之也,,,,,亓至之也,亓至也,其致之,其致之,其致之,,其致之一也
1,8,天毋已精將恐死,,,,,胃天毋已清將恐□,胃天毋已清將恐蓮,天無以清將恐裂,天無以清將恐裂,天無以清將恐裂,,天無以清將恐裂
1,9,地毋已寧將恐發,,,,,胃地毋□□將恐□,地毋已寧將恐發,地無以寧將恐發,地無以寧將恐發,地無以寧將恐發,,地無以寧將恐發
1,10,神毋已靈將恐歇,,,,,胃神毋已霝□恐歇,神毋□□□恐歇,神無以靈將恐歇,神無以靈將恐歇,神無以靈將恐歇,,神無以靈將恐歇
1,11,谷毋已盈將恐渴,,,,,胃浴毋已盈將恐渴,谷毋已□將渴,谷無以盈將恐竭,谷無以盈將恐竭,谷無以盈將恐竭,,谷無以盈將恐竭
1,12,,,,,,,,萬物無以生將恐滅,萬物無以生將恐滅,,,萬物無以生將恐滅
1,13,侯王毋已貴以高將恐厥,,,,,胃侯王毋已貴□□□□□,侯王毋已貴以高將恐欮,侯王無以貴高將恐蹶,侯王無以貴高將恐蹷,侯王無以爲正而貴高將恐蹷,,王侯無以爲貞而貴高將恐蹷
1,14,是故必貴以賤爲本,,,,,故必貴而以賤爲本,故必貴以賤爲本,故貴以賤爲本,故貴〔必〕以賤爲本,故貴以賤爲本,,故貴以賤爲本
1,15,必高以下爲基,,,,,必高矣而以下爲基,必高矣而以下爲基,高以下爲基,高必以下爲基,高以下爲基,,高以下爲基
1,16,是以侯王自謂孤寡不穀,,,,,夫是以侯王自胃孤寡不𥞤,夫是以侯王自胃孤寡不𥞤,是以侯王自謂孤寡不穀,是以侯王自謂（稱）孤寡不轂（穀,侯王自謂孤寡不穀,,是以王侯自謂孤寡不穀
1,17,此其賤之本邪,,,,,此亓賤□□與,此亓賤之本與,此非以賤爲本邪,此非以賤爲本耶,唯斯以賤爲本與,,是其以賤爲本也
1,18,非也,,,,,非□,非也,非乎,非乎,非耶,,非歟
1,19,故致數輿無輿,,,,,故致數與无與,故至數輿无輿,故致數輿無輿,故致數車無車,故造輿於無輿,,故致數譽無譽
1,20,不欲祿=如玉,,,,,是故不欲□□若玉,是故不欲祿=若玉,不欲琭琭如玉,不欲琭琭如玉,不欲碌碌如玉,,不欲碌碌若玉
1,21,□□□□,,,,,硌□□□,硌=若石,珞珞如石,落落如石,落落如石,,落落若石
1,22,,,,,,,,,,,,
2,0,反者,返也者,返也者,,,□□□,反也者,反者,反者,反者,,反者
2,1,道之動也,道偅也,道偅也,,,道之動也,道之動也,道之動,道之動,道之動,,道之動
2,2,弱者,溺也者,溺也者,,,弱也者,□□者,弱者,弱者,弱者,,弱者
2,3,道之用也,道之甬也,道之甬也,,,道之用也,道之用也,道之用,道之用,道之用,,道之用
2,4,天下之物生於有,天下之勿生於又,天下之勿生於又,,,天□□□□□□,天下之物生於有,天下萬物生於有,天下萬物生於有,天地之物生於有,,天下之物生於有
2,5,生於無,生於亡,生於亡,,,□□□□,□於无,有生於無,有生於無,有生於無,,有生於無
2,6,,,,,,,,,,,,
3,0,上士聞道,上士昏道,,上士昏道,,道,上□□道,上士聞道,上士聞道,上士聞道,,上士聞道
3,1,堇能行,堇能行於亓中,,堇能行於亓中,,善□□□□,堇能行之,勤而行之,勤而行之,勤而行之,,而勤行之
3,2,中士聞道,士昏道,,士昏道,,,中士聞道,中士聞道,中士聞道,中士聞道,,中士聞道
3,3,若存若亡,若昏若亡,,若昏若亡,,,若存若亡,若存若亡,若存若亡,若存若亡,,若存若亡
3,4,下士聞道,下士昏道,,下士昏道,,,下士聞道,下士聞道,下士聞道,下士聞道,,下士聞道
3,5,大𦬫之,大𦬫之,,大𦬫之,,,大𦬫之,大笑之,大笑之,大笑之,,而大笑之
3,6,弗𦬫,弗大𦬫,,弗大𦬫,,,弗𦬫,不笑,不笑,不笑,,不笑
3,7,不足以爲道,不足以爲道矣,,不足以爲道矣,,,□□以爲道,不足以爲道,不足以爲道,不足以爲道,,不足以爲道
3,8,是以建言有之曰,是以建言又之,,是以建言又之,,,是以建言有之曰,故建言有之,故建言有之,故建言有之,,故建言有之曰
3,9,明道如沬,明道女孛,,明道女孛,,,明道如費,明道若昧,明道若昧,明道若昧,,明道若昧
3,10,進道如退,𨒈道女繢,,𨒈道女繢,,,進道如退,進道若退,進道若退,進道若退,,夷道若類
3,11,夷道如類,□道若退,,□道若退,,,夷道如類,夷道若纇,夷道若類,夷道若類,,進道若退
3,12,上德如谷,上惪女浴,,上惪女浴,,,上德如浴,上德若谷,上德若谷,上德若谷,,上德若谷
3,13,大白如辱,大白女辱,,大白女辱,,,大白如辱,大白若辱,大白若辱,大白若辱,,大白若𪑾
3,14,廣德如不足,𡉚惪女不足,,𡉚惪女不足,,,廣德如不足,廣德若不足,廣德若不足,盛德若不足,,廣德若不足
3,15,建德如榆,建惪女□,,建惪女□,,,建德如□,建德若偷,建德若偷（揄,建德若偷,,建德若媮
3,16,桎真如䩱,□貞女愈,,□貞女愈,,,質□□□,質真若渝,質真若渝,質真若渝,,質真若輸
3,17,大方無隅,大方亡禺,,大方亡禺,,,大方无禺,大方無隅,大方無隅,大方無隅,,大方無隅
3,18,大器勉成,大器曼成,,大器曼成,,,大器免成,大器晚成,大器晚成,大器晚成,,大器晚成
3,19,大音希聲,大音祗聖,,大音祗聖,,,大音希聲,大音希聲,大音希聲,大音希聲,,大音稀聲
3,20,天象無刑,天象亡坓,,天象亡坓,,,天象无刑,大象無形,大象無形,大象無形,,大象無形
3,21,道殷無名,道□□□,,道□□□,,,道[襃|无亠]无名,道隱無名,道隱無名,道隱無名,,道隱無名
3,22,夫唯道,□□□□,,□□□□,,,夫唯道,夫唯道,夫唯道,夫唯道,,夫惟道
3,23,善貣且成,,,,,,善始且善成,善貸且成,善貸且成,善貸且成,,善貸且成
3,24,,,,,,,,,,,,
4,0,道生一,,,,,□□□,道生一,道生一,道生一,道生一,,道生一
4,1,生二,,,,,□□□,生二,一生二,一生二,一生二,,一生二
4,2,生三,,,,,□□□,生三,二生三,二生三,二生三,,二生三
4,3,生萬,,,,,□□□□,生□□,三生萬物,三生萬物,三生萬物,,三生萬物
4,4,物=負陰抱陽,,,,,□□□□□□,□□□□□□□\`此句幾字,萬物負陰而抱陽,萬物負陰而抱陽,萬物負陰而抱陽,,萬物負陰而袌陽
4,5,中氣以爲和,,,,,中氣以爲和,□□以爲和,沖氣以爲和,冲氣以爲和,冲氣以爲和,,沖氣以爲和
4,6,人之所惡,,,,,天下之所惡,人之所亞,人之所惡,人之所惡,人之所惡,,人之所惡
4,7,唯孤寡不穀,,,,,唯孤寡不𥞤,唯孤寡不𥞤,唯孤寡不穀,唯孤寡不轂（穀,唯孤寡不穀,,惟孤寡不穀
4,8,而王公以自命也,,,,,而王公以自名也,而王公以自□□,而王公以爲稱,而王公以爲稱,而王公以名稱,,而王侯以自稱也
4,9,是故物或損而益,,,,,勿或𢿃之□□,□□□□□云,故物或損之而益,故物或損之而益,損之而益,,故物或損之而益
4,10,或益而損,,,,,□之而𢿃,之而益,或益之而損,或益之而損,益之而損,,或益之而損
4,11,人之所教,,,,,故人□□教,□□□□□,人之所教,人之所教,人之所教,,人之所以教我
4,12,亦我而教人,,,,,夕議而教人,□□□□□,我亦教之,我亦教之,亦我教之,,亦我之所以教人
4,13,故强粱者不得死,,,,,故强良者不得死,□□□□□□\`這幾句幾字,强梁者不得其死,强梁者不得其死,强梁者不得其死,,彊梁者不得其死
4,14,吾將以爲學父,,,,,我□以爲學父,吾將以□□父,吾將以爲教父,吾將以爲教父,吾將以爲教父,,吾將以爲學父
4,15,,,,,,,,,,,,
5,0,天下之至柔,,,,,天下之至柔,天下之至□,天下之至柔,天下之至柔,天下之至柔,,天下之至柔
5,1,馳騁於天下之至堅,,,,,□甹於天下之致堅,馳騁乎天下□□□,馳騁天下之至堅,馳騁天下之至堅,馳騁天下之至堅,,馳騁天下之至堅
5,2,無有入於無閒,,,,,无有入於无閒,□□□□无閒,無有入無閒,無有入〔於〕無問,無有入於無間,,出於無有
5,3,,,,,,,,,,,,入於無間
5,4,吾是以智無爲之有益也,,,,,五是以知无爲□□益也,吾是以□□□□□□也,吾是以知無爲之有益,吾是以知無爲之有益,吾是以知無爲之有益,,吾是以知無爲之有益也
5,5,不言之教,,,,,不□□教,不□□□,不言之教,不言之教,不言之教,,不言之教
5,6,無爲之益,,,,,无爲之益,□□□□,無爲之益,無爲之益,無爲之益,,無爲之益
5,7,天下希及之矣,,,,,□下希能及之矣,□□□□□□矣,天下希及之,天下希及之,天下希及之,,天下稀及之矣
5,8,,,,,,,,,,,,
6,0,身與名孰親,明與身䈞[木𢆉z斤s],明與身䈞[木𢆉z斤s],,,名與身孰親,名與,名與身孰親,名與身孰親,名與身孰親,,名與身孰親
6,1,身與貨孰多,身與貨䈞多,身與貨䈞多,,,身與貨孰多,,身與貨孰多,身與貨孰多,身與貨孰多,,身與貨孰多
6,2,得與亡孰病,[止貝s]與[亡貝s]䈞[爿方],[止貝s]與[亡貝s]䈞[爿方],,,得與亡孰病,,得與亡孰病,得與亡孰病,得與亡孰病,,得與亡孰病
6,3,是故甚愛必大費,甚[夊心s]必大[弼貝s],甚[夊心s]必大[弼貝s],,,甚□□□□,,是故甚愛必大費,甚愛必大費,是故甚愛必大費,,是故甚愛必大費
6,4,多臧必厚亡,[厂句b][臧貝s]必多[亡貝s],[厂句b][臧貝s]必多[亡貝s],,,□□□□亡,,多藏必厚亡,多藏必厚亡,多藏必厚亡,,多藏必厚亡
6,5,故智足不辱,古智足不辱,古智足不辱,,,故知足不辱,,知足不辱,知足不辱,故知足不辱,,知足不辱
6,6,智止不殆,智𣥕不怠,智𣥕不怠,,,知止不殆,,知止不殆,知止不殆,知止不殆,,知止不殆
6,7,可以長久,可以長舊,可以長舊,,,可以長久,,可以長久,可以長久,可以長久,,可以長久
6,8,,,,,,,,,,,,
7,0,大成如缺,大成若夬,,大成若夬,,大成若缺,□□□□,大成若缺,大成若𡙇（缺,大成若缺,,大成若缺
7,1,其用不敝,亓甬不[米帀s],,亓甬不[米帀s],,亓用不幣,□□□□,其用不弊,其用不弊,其用不弊,,其用不敝
7,2,大盈如沖,大浧若中,,大浧若中,,大盈若𥁵,□盈如沖,大盈若沖,大盈若冲,大盈若冲,,大滿若盅
7,3,其用不[宀(身阝z)s],亓甬不[宀身s],,亓甬不[宀身s],,亓用不𡩫,亓□□□,其用不窮,其用不窮,其用不窮,,其用不窮
7,4,大直如詘,大攷若㑁,,大攷若㑁,,大直如詘,□巧如拙,大直若屈,大直若屈,大直若屈,,大直若詘
7,5,大巧如拙,大成若詘,,大成若詘,,大巧如拙,□□□□,大巧若拙,大巧若拙,大巧若拙,,大巧若拙
7,6,大盛如絀,大植若屈,,大植若屈,,大贏如㶧,□□□絀,大辯若訥,大辯若訥,大辯若訥,,大辯若訥
7,7,趮勝寒,喿[乘力]蒼,,喿[乘力]蒼,,趮勝寒,趮朕寒,躁勝寒,躁勝寒,躁勝寒,,躁勝寒
7,8,靜勝熱,青[乘力]然,,青[乘力]然,,靚勝炅,□□□,靜勝熱,靜勝熱,静勝熱,,靖勝熱
7,9,清靜爲天下政,清青爲天下定,,清青爲天下定,,請靚可以爲天下正,□□□□□□□□,清靜爲天下正,清靜爲天下正,能静能清,,知清靖以爲天下正
7,10,,,,,,,,,,爲天下正,,
7,11,,,,,,,,,,,,
8,0,天下有道,,,,,天下有道,□□□道,天下有道,天下有道,天下有道,,天下有道
8,1,卻走馬以糞,,,,,□走馬以糞,卻走馬□糞,卻走馬以糞,却走馬以糞,却走馬以糞,,卻走馬以播
8,2,天下無道,,,,,天下无道,无道,天下無道,天下無道,天下無道,,天下無道
8,3,戎馬産於鄗,,,,,戎馬生於郊,戎馬生於郊,戎馬生於郊,戎馬生於郊,戎馬生於郊,,戎馬生於郊
8,4,故罪莫大於可欲,辠莫[石主s][虎口b]甚欲,辠莫[石主s][虎口b]甚欲,,,罪莫大於可欲,罪莫大□可欲,,罪莫大於可欲,罪莫大於可欲,,罪莫大於可欲
8,5,禍莫大於不智足,咎莫[僉曰s][虎口b]谷[貝寸s],咎莫[僉曰s][虎口b]谷[貝寸s],,,𢢸莫大於不知足,禍□□□□□□,禍莫大於不知足,禍莫大於不知足,禍莫大於不知足,,禍莫大於不知足
8,6,咎莫[氵蠶]於欲得,化莫大[虎口b]不智足,化莫大[虎口b]不智足,,,咎莫憯於欲得,□□□□□□,咎莫大於欲得,咎莫大於欲得,咎莫大於欲得,,咎莫憯於欲得
8,7,故智足之足,智足之爲足,智足之爲足,,,□□□□□,□□□□□,故知足之足,故知足之足,知足之足,,故知足之足
8,8,恒足矣,此亙足矣,此亙足矣,,,恆足矣,□足矣,常足矣,常足〔矣,常足矣,,常足矣
8,9,,,,,,,,,,,,
9,0,不岀於戶,,,,,不出於戶,不出於戶,不出戶,不出戶,不出户,,不出戶
9,1,以智天下,,,,,以知天下,以知天下,知天下,以〕知天下,知天下,,可以知天下
9,2,不規於牖,,,,,不規於牖,不𧠹於□,不闚牖,不窺牖,不窺牖,,不窺牖
9,3,以智天道,,,,,以知天道,□知天道,見天道,以〕見天道,見天道,,可以知天道
9,4,其出𡓭遠,,,,,亓出也𡓭遠,亓出[籋土s]遠者,其出彌遠,其出彌遠,其出彌遠,,其出镾遠
9,5,其智𡓭少,,,,,亓□□□□,亓知[籋土s]□,其知彌少,其知彌少,其知彌少,,其知镾尟
9,6,是以聖人弗行而智,,,,,□□□□□□□□,□□□□□□□□,是以聖人不行而知,是以聖人不行而知,是以聖人不行而知,,是以聖人不行而知
9,7,弗見而命,,,,,□□□□,□□而名,不見而名,不見而名,不見而名,,不見而名
9,8,弗爲而成,,,,,弗爲而□,弗爲而成,不爲而成,無（不）爲而成,不爲而成,,不爲而成
9,9,,,,,,,,,,,,
10,0,爲學者日益,學者日嗌,,學者日嗌,,爲,爲學者日益,爲學日益,爲學日益,爲學日益,,爲學者日益
10,1,爲道者日損,爲道者日員,,爲道者日員,,取天下也恆,聞道者日云,爲道日損,爲道日損,爲道日損,,爲道者日損
10,2,之有損之,之或員,,之或員,,,之有云,損之又損,損之又損〔之,損之又損之,,損之又損之
10,3,至於無□,以至亡爲也,,以至亡爲也,,,以至於无□,以至於無爲,以至於無爲,至於無爲而無以爲,,以至於無爲
10,4,□□□□□□\`這兩句幾字,亡爲而亡不爲,,亡爲而亡不爲,,,□□□□□□,無爲而無不爲,無爲而無不爲,,,無爲則無不爲
10,5,□□□□□□無事,,,,,,取天下恒无事,取天下常以無事,取天下常以無事,將欲取天下者,,將欲取天下者
10,6,,,,,,,,,,常以無事,,常以無事
10,7,及其有事,,,,,,及亓有事也,及其有事,及其有事,及其有事,,及其有事
10,8,有不足以取天下,,,,,,□□足以取天□,不足以取天下,不足以取天下,不足以取天下,,又不足以取天下矣
10,9,,,,,,,,,,,,
11,0,聖人恒無心,,,,,□□□□□,□人恒无心,聖人無常心,聖人無常心,聖人無常心,,聖人無常心
11,1,以百生之心爲心,,,,,以百□之心爲□,以百省之心爲心,以百姓心爲心,以百姓心爲心,以百姓心爲心,,以百姓心爲心
11,2,善者虖亦善之,,,,,善者善之,善□□□,善者吾善之,善者吾善之,善者吾善之,,善者吾善之
11,3,不善者虖亦善之,,,,,不善者亦善□,□□□□□□,不善者吾亦善之,不善者吾亦善之,不善者吾亦善之,,不善者吾亦善之
11,4,直善也,,,,,□□□,□善也,德善,德善,得善矣,,得善矣
11,5,信者虖信之,,,,,□□□□,信者信之,信者吾信之,信者吾信之,信者吾信之,,信者吾信之
11,6,不信者虖亦信之,,,,,□□□□□□,不信者亦信之,不信者吾亦信之,不信者吾亦信之,不信者吾亦信之,,不信者吾亦信之
11,7,直信也,,,,,□信也,德信也,德信,德信,得信矣,,得信矣
11,8,聖人之在天下也,,,,,□□之在天下,𦔻人之在天下也,聖人在天下,聖人在天下,聖人在天下,,聖人之在天下
11,9,匧=然,,,,,𢡁=焉,欱=焉,歙歙,怵怵,惵惵乎,,歙歙焉
11,10,爲天下渾【心,,,,,爲天下渾心,□□□□□,爲天下渾其心,爲天下渾其心,爲天下渾心,,爲天下渾渾焉
11,11,而百姓皆屬其耳目焉,,,,,百姓皆屬耳目焉,□生皆注亓□□□,百姓皆注其耳目焉，〕@,百姓皆注其耳目,百姓皆注其耳目,,百姓皆注其耳目
11,12,聖人而皆晐之,,,,,聖人皆□□,□□□□□,聖人皆孩之,聖人皆孩之,聖人皆駭之,,聖人皆咳之
11,13,,,,,,,,,,,,
12,0,出生入死,,,,,□生□□,□生入死,出生入死,出生入死,出生入死,,出生入死
12,1,生之徒十有三,,,,,□□□□有□,生之□□□□,生之徒十有三,生之徒十有三,生之徒十有三,,生之徒十有三
12,2,死之徒十有三,,,,,□□徒十有三,□之徒十又三,死之徒十有三,死之徒十有三,死之徒十有三,,死之徒十有三
12,3,而民姓生焉,,,,,而民生,而民生,人之生,人之生,而民生,,而民之生生而動
12,4,動皆之死地之十有三,,,,,勭皆之死地之十有三,僮皆之死地之十有三,動之死地亦十有三,動之死地十有三,動之死地十有三,,動皆之死地亦十有二
12,5,夫何故也,,,,,夫何故也,□何故也,夫何故,夫何故,夫何故,,夫何故
12,6,以其姓生也,,,,,以亓生=也,以亓生,以其生生之厚,以其生（求）生之厚,以其生生之厚,,以其生生之厚也
12,7,蓋聞善聶生者,,,,,蓋□□執生者,蓋聞善執生者,蓋聞善攝生者,蓋聞善攝生者,蓋聞善攝生者,,蓋聞善攝生者
12,8,陵行不避𧱃虎,,,,,陵行不□矢虎,陵行不辟𧱃虎,陸行不遇兕虎,陸行不遇兕虎,陸行不避兕虎,,陸行不遇兕虎
12,9,入軍不被兵革,,,,,入軍不被甲兵,入軍不被兵革,入軍不被甲兵,入軍不避（被）甲兵,入軍不被甲兵,,入軍不被甲兵
12,10,虎無所錯其蚤,,,,,矢无所椯亓角,𧱃无□□□□,兕無所投其角,兕無〔所〕投其角,兕無所投其角,,兕無所投其角
12,11,𧱃無所椯其角,,,,,虎无所昔亓蚤,□□□□亓蚤,虎無所措其爪,虎無所措〔其〕爪,虎無所措其爪,,虎無所措其爪
12,12,兵無所容其刃,,,,,兵无所容□□,兵□□□□□,兵無所容其刃,兵無所容其刃,兵無所容其刃,,兵無所容其刃
12,13,夫何故也,,,,,□何故也,□□□也,夫何故,夫何故,夫何故哉,,夫何故也
12,14,以其無死地焉,,,,,以亓无死地焉,以亓无□□□,以其無死地,以其無死地,以無死地,,以其無死地焉
12,15,,,,,,,,,,,,
13,0,道生之,,,,,道生之,道生之,道生之,道生之,道生之,,道生之
13,1,德畜之,,,,,而德畜之,德畜之,德畜之,德畜之,德畜之,,德畜之
13,2,物刑之,,,,,物刑之,物刑之,物形之,物形之,物形之,,物形之
13,3,熱成之,,,,,而器成之,而器成之,勢成之,勢成之,勢成之,,势成之
13,4,是以萬物奠道而貴德,,,,,是以萬物奠道而貴□,是以萬物尊道而貴德,是以萬物莫不尊道而貴德,是以萬物莫不尊道而貴德,是以萬物尊道而貴德,,是以萬物莫不尊道而貴德
13,5,道之奠,,,,,□之奠,道之尊也,道之尊,道之尊,道尊德貴,,道之尊
13,6,德之貴,,,,,德之貴也,德之貴也,德之貴,德之貴,,,德之貴
13,7,夫莫之爵而恒自然,,,,,夫莫之[(既旡-)寸z]而恒自然也,夫莫之爵也,夫莫之命而常自然,夫莫之命而常自然,夫莫之爵而常自然,,夫莫之爵而常自然
13,8,,,,,,,而恒自然也,,,,,
13,9,故道生之畜之,,,,,道生之畜之,道生之畜□,故道生之,故道生之,道生之,,故道生之
13,10,,,,,,,,德畜之,德畜之,德畜之,,德畜之
13,11,長之逐之,,,,,長之遂之,□□□之,長之育之,長之育之,長之育之,,長之育之
13,12,亭之孰之,,,,,亭之□之,亭之毒之,亭之毒之,成之孰之,成之熟之,,亭之毒之
13,13,養之復之,,,,,□□□□,養之復□,養之覆之,養之覆之,養之覆之,,蓋之覆之
13,14,故生而弗有,,,,,□□弗有也,□□□□,生而不有,生而不有,生而不有,,生而不有
13,15,爲而弗持,,,,,爲而弗寺也,□□□□,爲而不恃,爲而不恃,爲而不恃,,爲而不恃
13,16,長而弗宰,,,,,長而弗宰也,□□弗宰,長而不宰,長而不宰,長而不宰,,長而不宰
13,17,是謂玄德,,,,,此之謂玄德,是胃玄德,是謂玄德,是謂玄德,是謂玄德,,是謂次德
13,18,,,,,,,,,,,,
14,0,天下有始,,,,,天下有始,天下有始,天下有始,天下有始,天下有始,,天下有始
14,1,可以爲天下母,,,,,以爲天下母,以爲天下母,以爲天下母,以爲天下母,以爲天下母,,可以爲天下母
14,2,既得其母,,,,,𢟪得亓母,既得亓母,既得其母,既知其母,既得其母,,既得其母
14,3,以智其子,,,,,以知亓□,以知亓子,以知其子,復知其子,以知其子,,以知其子
14,4,既智其子,,,,,,既知亓子,既知其子,既知其子,既知其子,,既知其子
14,5,復守其母,,,,,復守亓母,復守亓母,復守其母,復守其母,復守其母,,復守其母
14,6,殁身不殆,,,,,没身不殆,没身不佁,没身不殆,没身不殆,没身不殆,,没身不殆
14,7,塞其脱,閟亓門,,閟亓門,,塞亓[門忈b],塞亓㙂,塞其兑,塞其兑,塞其兑,,塞其兑
14,8,閉其門,賽其𨓚,,賽其𨓚,,閉亓門,閉亓門,閉其門,閉其門,閉其門,,閉其門
14,9,終身不僅,冬身不[矛山s],,冬身不[矛山s],,終身不堇,冬身不堇,終身不勤,終身不勤,終身不勤,,終身不勤
14,10,啟其脱,啟亓𨓚,,啟亓𨓚,,啟亓悶,啟亓㙂,開其兑,開其兑,開其兑,,開其兑
14,11,齊其事,賽其事,,賽其事,,濟亓事,齊亓□,濟其事,濟其事,濟其事,,濟其事
14,12,終身不來,冬身不逨,,冬身不逨,,終身□□,□□不棘,終身不救,終身不救,終身不救,,終身不救
14,13,見小曰明,,,,,□小曰□,見小曰明,見小曰明,見小曰明,見小曰明,,見小曰明
14,14,守柔曰强,,,,,守柔曰强,守□□强,守柔曰强,守柔日*强,守柔曰强,,守柔曰彊
14,15,用其光,,,,,用亓光,用□□,用其光,用其光,用其光,,用其光
14,16,復歸其明,,,,,復歸亓明,□□□□,復歸其明,復歸其明,復歸其明,,復歸其明
14,17,毋遺身央,,,,,毋遺身央,□遺身央,無遺身殃,無遺身殃,無遺身殃,,無遺身殃
14,18,是謂襲常,,,,,是胃襲常,是胃□常,是爲習常,是謂習常,是謂襲常,,是謂襲常
14,19,,,,,,,,,,,,
15,0,使我介有智,,,,,使我𢴲有知也,使我介有知,使我介然有知,使我介然有知,使我介然有知,,使我介然有知
15,1,行於大道,,,,,□□大道,行於大道,行於大道,行於大道,行於大道,,行於大道
15,2,唯蛇是畏,,,,,唯□□□,唯他是畏,唯施是畏,唯施是畏,唯施是畏,,惟施是畏
15,3,大道甚夷,,,,,□□甚夷,大道甚夷,大道甚夷,大道甚夷,大道甚夷,,大道甚夷
15,4,而民好街,,,,,民甚好解,民甚好𠎿,而民好徑,而民好徑,而民好逕,,而民好徑
15,5,朝甚除,,,,,朝甚除,朝甚除,朝甚除,朝甚除,朝甚除,,朝甚除
15,6,田甚蕪,,,,,田甚芜,田甚芜,田甚蕪,田甚蕪,田甚蕪,,田甚蕪
15,7,倉甚虛,,,,,倉甚虛,倉甚虛,倉甚虛,倉甚虛,倉甚虚,,倉甚虛
15,8,服文采,,,,,服文采,服文采,服文綵,服文綵,服文采,,服文釆
15,9,帶利劍,,,,,帶利□,帶利劍,帶利劍,帶利劍,帶利劍,,帶利劍
15,10,厭食,,,,,□食,𤞣食,厭飲食,厭飲食,厭飮食,,猒飲食
15,11,資貨有餘,,,,,貨□□□,而齎財□□,財貨有餘,財貨有餘,財貨有餘,,貨財有餘
15,12,是謂盜竽,,,,,□□□□,□□盜□,是謂盜夸,是謂盜夸（誇,是謂盜誇,,是謂盜夸
15,13,非道也,,,,,□□□,非□也,非道也哉,盜誇〕非道〔也〕哉,非道哉,,盜夸非道也哉
15,14,,,,,,,,,,,,
16,0,善建不拔,善建者不[𦥔木s],,善建者不[𦥔木s],,善建□□拔,善建者□□,善建者不拔,善建者不拔,善建者不拔,,善建者不拔
16,1,善抱不脱,善[亻𣎳]者不兑,,善[亻𣎳]者不兑,,□□□□□,□□□□□,善抱者不脱,善抱者不脱,善抱者不脱,,善袌者不脱
16,2,子孫以其祭祀不絶,子孫以亓祭祀不乇,,子孫以亓祭祀不乇,,子孫以祭祀□□,子孫以祭祀不絶,子孫以祭祀不輟,子孫祭祀不輟,子孫祭祀不輟,,子孫祭祀不輟
16,3,脩之身,攸之身,,攸之身,,□□□,脩之身,修之於身,修之於身,修之於身,,修之身
16,4,其德乃真,亓惪乃貞,,亓惪乃貞,,□□□□,亓德乃真,其德乃真,其德乃真,其德乃真；〕@,,其德乃真
16,5,脩之家,攸之𧱌,,攸之𧱌,,□□□,脩之家,修之於家,修之於家,修之於家,,修之家
16,6,其德有餘,亓惪又舍,,亓惪又舍,,□□□餘,亓德有餘,其德乃餘,其德有（乃）餘,其德有餘,,其德乃餘
16,7,脩之鄉,攸之向,,攸之向,,脩之□,脩之鄉,修之於鄉,修之於鄉,修之於鄉,,修之鄉
16,8,其德乃長,亓惪乃長,,亓惪乃長,,□□□□,亓德乃長,其德乃長,其德乃長,其德乃長,,其德乃長
16,9,脩之國,攸之邦,,攸之邦,,□□□,脩之國,修之于國,修之于國,修之於國,,修之邦
16,10,其德乃逢,亓惪乃奉,,亓惪乃奉,,□□□□,亓德乃夆,其德乃豐,其德乃豐,其德乃豐,,其德乃豐
16,11,脩之天下,攸之天下,,攸之天下,,□□□□,脩之天下,修之於天下,修之於天下,修之於天下,,修之天下
16,12,其德乃薄,□□□□,,□□□□,,□□□□,亓德乃博,其德乃普,其徳乃普,其德乃普,,其德乃溥
16,13,以身觀身,,,,,以身□身,以身觀身,故以身觀身,故以身觀身,故以身觀身,,故以身觀身
16,14,以家觀家,□□□𧱌,,□□□𧱌,,以家觀家,以家□□,以家觀家,以家觀家,以家觀家,,以家觀家
16,15,以鄉觀鄉,以向觀向,,以向觀向,,以鄉觀鄉,,以鄉觀鄉,以鄉觀鄉,以鄉觀鄉,,以鄉觀鄉
16,16,以國觀國,以邦觀邦,,以邦觀邦,,以邦觀邦,□□□國,以國觀國,以國觀國,以國觀國,,以邦觀邦
16,17,以天下觀天下,以天下觀天下,,以天下觀天下,,以天□觀□□,以天下觀天下,以天下觀天下,以天下觀天下,以天下觀天下,,以天下觀天下
16,18,吾何以知天下然哉,𫊟可以智天□□□□,,𫊟可以智天□□□□,,□□□□□□□□□,吾何□知天下之然茲,吾何以知天下然哉,吾〕何以知天下之然哉,吾何以知其然哉,,吾奚以知天下之然哉
16,19,以此,□□,,□□,,□□,以□,以此,以此,以此,,以此
16,20,,,,,,,,,,,,
17,0,含德之厚者,酓惪之[石毛s]者,酓惪之[石毛s]者,,,□□之厚□,含德之厚者,含德之厚,含德之厚,含德之厚,,含德之厚者
17,1,比於赤子,比於赤子,比於赤子,,,比於赤子,比於赤子,比於赤子,比於赤子,比於赤子,,比之於赤子也
17,2,䗬蠆蚖蛇弗赫,[甶䖵s]蠆=它弗𧍷,[甶䖵s]蠆=它弗𧍷,,,逢𢔯𧍥地弗螫,𧒒癘虫蛇弗赫,蜂蠆虺蛇不螫,毒蟲不螫,毒蟲不螫,,蜂蠆不螫
17,3,猛獸㩴鳥弗[艹博s],攫鳥[((丙口)s犬)z]獸弗扣,攫鳥[((丙口)s犬)z]獸弗扣,,,㩴鳥猛獸弗搏,據鳥孟獸弗捕,猛獸不據,猛獸不據,攫鳥不搏,,猛獸不據
17,4,,,,,,,,攫鳥不搏,玃（攫）鳥不搏,猛獸不據,,攫鳥不搏
17,5,骨弱筋柔而摳固,骨溺堇[矛求]而捉固,骨溺堇[矛求]而捉固,,,骨弱筋柔而握固,骨筋弱柔而握固,骨弱筋柔而握固,骨弱䈥（筋）柔而握固,骨弱筋柔而握固,,骨弱筋柔而握固
17,6,未智牝牡之合而狻怒,未智牝戊之𣌭家[艹㣽s],未智牝戊之𣌭家[艹㣽s],,,未知牝□□□□□□,未知牝牡之會而朘怒,未知牝牡之合而全作,未知牝牡之合而䘒作,未知牝牡之合而䘒作,,未知牝牡之合而朘作
17,7,精之至也,精之至也,精之至也,,,精□至也,精之至也,精之至也,精之至也,精之至,,精之至也
17,8,終日號而不幽,冬日[虎口b]而不𢝊,冬日[虎口b]而不𢝊,,,終曰號而不𢖻,冬日號而不[口𠮚],終日號而不嗄,終日號而不啞,終日嘷而嗌不嗄,,終日號而嗌不㱊
17,9,和之至也,和之至也,和之至也,,,和之至也,□□□□,和之至也,和之至也,和之至,,和之至也
17,10,和曰常,和曰[同示s],和曰[同示s],,,和曰常,□□常,知和曰常,知和曰常,知和曰常,,知和曰常
17,11,智和曰明,智和曰明,智和曰明,,,知和曰明,知常曰明,知常曰明,知常曰（日）明,知常曰明,,知常曰明
17,12,益生曰詳,賹生曰羕,賹生曰羕,,,益生曰祥,益生□祥,益生曰祥,益生日祥,益生曰祥,,益生曰祥
17,13,心使氣曰强,心[卜曰又s][既火s]曰勥,心[卜曰又s][既火s]曰勥,,,心使氣曰强,心使氣曰强,心使氣曰强,心使氣日强,心使氣曰强,,心使氣則彊
17,14,物壯則老,勿[臧土]則老,勿[臧土]則老,,,□□即老,物□則老,物壯則老,物壯將（則）老,物壯則老,,物壯則老
17,15,謂之不,是胃不道,是胃不道,,,胃之不,胃之不,謂之不道,謂之不道,謂之非道,,謂之不道
17,16,道=蚤已,,,,,道□□□,道=蚤已,不道早已,不道早已,不道早已,,不道早已
17,17,,,,,,,,,,,,
18,0,智者弗言,智之者弗言,智之者弗言,,,□□弗言,知者弗言,知者不言,知者不言,知者不言,,知者不言也
18,1,者弗智,之者弗智,之者弗智,,,者弗知,者弗知,言者不知,言者不知,言者不知,,言者不知也
18,2,塞其脱,𨳮亓𨓚,𨳮亓𨓚,,,塞亓悶,塞亓㙂,塞其兑,塞其兑,塞其兑,,塞其兑
18,3,閉其門,賽亓門,賽亓門,,,閉亓□,閉亓門,閉其門,閉其門,閉其門,,閉其門
18,4,和其光,和亓光,和亓光,,,□其光,和亓光,挫其鋭,挫其鋭,挫其鋭,,挫其鋭
18,5,同其畛,迵亓[((幺言)s斤)z],迵亓[((幺言)s斤)z],,,同亓𡑁,同亓塵,解其分,解其紛,觧其忿,,解其紛
18,6,挫其兑,[畜刂]亓[尔賏s],[畜刂]亓[尔賏s],,,坐亓閱,銼亓兑,和其光,和其光,和其光,,和其光
18,7,解其紛,解亓紛,解亓紛,,,解亓紛,而解亓紛,同其塵,同其塵,同其塵,,同其塵
18,8,是謂玄同,是胃玄同,是胃玄同,,,是胃玄同,是胃玄同,是謂玄同,是謂玄同,是謂玄同,,是謂玄同
18,9,故不可得而親,古不可[貝寸s]而[((木辛)s斤)z],古不可[貝寸s]而[((木辛)s斤)z],,,故不可得而親,故不可得而親也,故不可得而親,故不可得而親,不可得而親,,不可得而親
18,10,亦不可得而疏,亦不可[貝寸s]而疋,亦不可[貝寸s]而疋,,,亦不可得而疏,亦□□得而□,不可得而疎,亦不可得而踈,不可得而踈,,亦不可得而疏
18,11,不可得而利,不可[貝寸s]而利,不可[貝寸s]而利,,,不可得而利,□□得而○利,不可得而利,不可得而利,不可得而利,,不可得而利
18,12,亦不可得而害,亦不可[貝寸s]而害,亦不可[貝寸s]而害,,,亦不可得而害,□□□得而害,不可得而害,亦不可得而害,不可得而害,,亦不可得而害
18,13,不可得而貴,不可[貝寸s]而貴,不可[貝寸s]而貴,,,不可□而貴,不可得而貴,不可得而貴,不可得而貴,不可得而貴,,不可得而貴
18,14,亦不可得而賤,亦可不可[貝寸s]而戔,亦可不可[貝寸s]而戔,,,亦不可得而淺,亦不可得而賤,不可得而賤,亦不可得而賤,不可得而賤,,亦不可得而賤
18,15,故爲天下貴,古爲天下貴,古爲天下貴,,,故爲天下貴,故爲天下貴,故爲天下貴,故爲天下貴,爲天下貴,,故爲天下貴
18,16,,,,,,,,,,,,
19,0,以正之國,以正之邦,以正之邦,,,以正之邦,以正之國,以正治國,以正治國,以正治國,,以政治國
19,1,以倚用兵,以[奇戈]甬兵,以[奇戈]甬兵,,,以畸用兵,以畸用兵,以奇用兵,以奇用兵,以奇用兵,,以奇用兵
19,2,以無事取天下,以亡事取天下,以亡事取天下,,,以无事取天下,以无事取天下,以無事取天下,以無事取天下,以無事取天下,,以無事取天下
19,3,吾何以智其然也,𫊟可以智亓肰也,𫊟可以智亓肰也,,,吾何□□□□也哉,吾何以知亓然也才,吾何以知其然哉,吾何以知其然哉,吾何以知其然哉,,吾奚以知天下其然哉
19,4,,,,,,,,以此,以此,,,以此
19,5,夫天多忌諱,夫天多[曰丌s]韋,夫天多[曰丌s]韋,,,夫天下□□諱,夫天下多忌諱,天下多忌諱,天下多忌諱,天下多忌諱,,夫天下多忌諱
19,6,而民𡓭貧,而民爾畔,而民爾畔,,,而民彌貧,而民彌貧,而民彌貧,而民彌貧,而民彌貧,,而民镾貧
19,7,民多利器,民多利器,民多利器,,,民多利器,民多利器,民多利器,民多利器,民多利器,,民多利器
19,8,而固家茲昏,而邦慈昏,而邦慈昏,,,而邦家茲昏,□□□□昏,國家滋昏,國家滋昏,國家滋昏,,國家滋昏
19,9,人多智,人多智,人多智,,,人多知,□□□,人多伎巧,人多伎（技）巧,人多伎巧,,民多知慧
19,10,而苛物茲起,而𢦪勿慈𨑓,而𢦪勿慈𨑓,,,而何物茲□,□□□□□\`覈查字數,奇物滋起,奇物滋起,奇物滋起,,而衺事滋起
19,11,灋物茲章,灋勿慈章,灋勿慈章,,,□□□□,□物茲章,法令滋彰,法物滋彰,法令滋彰,,法令滋章
19,12,而盜賊多有,覜惻多又,覜惻多又,,,□盜賊□□,而盜賊□□,盜賊多有,盜賊多有,盜賊多有,,盜賊多有
19,13,故聖人之言云,是以聖人之言曰,是以聖人之言曰,,,□□□□□□□,是以□人之言曰,故聖人云,故聖人云,聖人之言云,,故聖人云
19,14,我無爲而民自化,我無事而民自[礻富],我無事而民自[礻富],,,我无爲也而民自化,我无爲而民自化,我無爲而民自化,我無爲而民自化,我無爲而民自化,,我無爲而民自化
19,15,我無事而民自富,我無爲而民自[爲䖵s],我無爲而民自[爲䖵s],,,我好靜而民自正,我好靜而民自正,我好靜而民自正,我好靜而民自正,我無事而民自富,,我好靖而民自正
19,16,我好靜而民自正,我好青而民自正,我好青而民自正,,,我无事民□□,我无事而民自富,我無事而民自富,我無事而民自富,我好静而民自正,,我無事而民自富
19,17,我欲不欲而民自樸,我谷不谷而民自[(木(菐臣s)z)],我谷不谷而民自[(木(菐臣s)z)],,,□□□□□□□□,我欲不欲而民自樸,我無欲而民自樸,我無欲而民自樸,我無欲而民自樸,,我無欲而民自樸
19,18,,,,,,,,,,,,
20,0,其正昏,,,,,□□□□,亓正[門糸b],其政悶悶,其政悶悶,其政悶悶,,其政閔閔
20,1,其民萅,,,,,□□□□,亓民屯,其民淳淳,其民醇醇,其民[言春][言春],,其民偆偆
20,2,其正計,,,,,亓正察,亓正察,其政察察,其政察察,其政察察,,其政詧詧
20,3,其國夬,,,,,亓邦夬,亓□□□,其民缺缺,其民𡙇𡙇（缺缺,其民缺缺,,其民缺缺
20,4,福,,,,,𢢸,□,禍兮,禍兮,禍兮,,禍兮
20,5,禍之所倚,,,,,福之所倚,□□□□,福之所倚,福之所倚,福之所倚,,福之所倚
20,6,禍,,,,,福,福,福兮,福兮,福兮,,福兮
20,7,福之所伏,,,,,𢢸之所伏,□之所伏,禍之所伏,禍之所伏,禍之所伏,,禍之所伏
20,8,夫孰智其極,,,,,,孰知亓極,孰知其極,孰知其極,孰知其極,,孰知其極
20,9,其無正,,,,,,□无正也,其無正,其無正,其無正,,其無正衺
20,10,復爲倚,,,,,,正□□□,正復爲奇,正復爲奇,正覆爲奇,,正復爲奇
20,11,善復爲𦬫,,,,,,善復爲□,善復爲妖,善復爲訞,善復爲妖,,善復爲[艹祅s]
20,12,人之廢,,,,,,□之𢘻也,人之迷,人之迷,人之迷,,人之迷也
20,13,其日固久矣,,,,,,亓日固久矣,其日固久,其日固久,其日固久矣,,其日固久矣
20,14,,,,,,,是以方而不割,是以聖人方而不割,是以聖人方而不割,,,是以聖人方而不割
20,15,,,,,,,兼而不刺,廉而不劌,廉而不害,,,廉而不劌
20,16,,,,,,,直而不紲,直而不肆,直而不肆,,,直而不肆
20,17,,,,,,,光而不眺,光而不燿,光而不曜（耀,,,光而不耀
20,18,,,,,,,,,,,,
21,0,方而不割,,,,,,,,,方而不割,,
21,1,廉而不刖,,,,,,,,,廉而不劌,,
21,2,直而不肆,,,,,,,,,直而不肆,,
21,3,光而不燿,,,,,,,,,光而不耀,,
21,4,治人事天,紿人事天,,紿人事天,,,治人事天,治人事天,治人事天,治人事天,,治人事天
21,5,莫如嗇,莫若嗇,,莫若嗇,,,莫若嗇,莫若嗇,莫若嗇,莫如嗇,,莫若嗇
21,6,夫唯嗇,夫唯嗇,,夫唯嗇,,,夫唯嗇,夫唯嗇,夫唯嗇,夫唯嗇,,夫惟嗇
21,7,是以蚤,是以[曰來s]是以[曰來s]備，`覈查原文,,是以[曰來s]是以[曰來s]備，`覈查原文,,,是以蚤,是謂早服,是謂早服,是以蚤服,,是以早服
21,8,服=是謂重=積,是胃□□□,,是胃□□□,,,服=是胃重=積,早服謂之重積德,早服謂之重積德,,,早服謂之重積德
21,9,德=則無=不,□□□□□不=\`字數問題,,□□□□□不=\`字數問題,,,□□□□□□□\`字數有問題,重積德則無不克,重積德則無不剋,重積德則無不剋,,重積德則無不克
21,10,克=則莫=智,克=則莫=智,,克=則莫=智,,,□□□□□莫=知,無不克則莫知其極,無不剋則莫知其極,,,無不克則莫知其極
21,11,其=極,亓=亙,,亓=亙,,,亓=□,莫知其極,莫知其極,莫知其極,,莫知其極
21,12,則可以有,可以又,,可以又,,可以有,□□有,可以有國,可以有國,可以有國,,可以有國
21,13,國=之母,[或阝]=之母,,[或阝]=之母,,國=之母,國=之母,有國之母,有國之母,有國之母,,有國之母
21,14,可以長久,可以長□,,可以長□,,可以長久,可□□久,可以長久,可以長久,可以長久,,可以長久
21,15,是謂深根固抵,□□□□□□,,□□□□□□,,是胃深[木垦]固氐,是胃□根固氐,是謂深根固柢,是謂深根固蒂,深根固蒂,,是謂深根固柢
21,16,長生久視之道也,長生舊視之道也,,長生舊視之道也,,長□□□□道也,長生久視之道也,長生久視之道,長生久視之道,長生久視,,長生久視之道
21,17,,,,,,,,,,,,
22,0,治大國若亨小鮮,,,,,□□□□□□□,治大國若亨小鮮,治大國若烹小鮮,治大國若烹小鮮,治大國者若烹小鮮,,治大國若烹小鮮
22,1,以道位天下,,,,,□□□天下,以道立天下,以道莅天下,以道莅（蒞）天下,以道莅天下,,以道蒞天下者
22,2,其鬼不神,,,,,亓鬼不神,亓鬼不神,其鬼不神,其鬼不神,其鬼不神,,其鬼不神
22,3,非其鬼不神,,,,,非亓鬼不神也,非亓鬼不神也,非其鬼不神,非其鬼不神,非其鬼不神,,非其鬼不神
22,4,其神不傷人,,,,,亓神不傷人也,亓神不傷人也,其神不傷人,其神不傷人,其神不傷人,,其神不傷人
22,5,非其神不傷人也,,,,,非亓申不傷人也,非亓神不傷人也,非其神不傷人,非其神不傷人,非其神不傷人,,非其神不傷人
22,6,聖人亦弗傷,,,,,聖人亦弗傷□,□□□弗傷也,聖人亦不傷人,聖人亦不傷〔人,聖人亦不傷人,,聖人亦不傷人
22,7,夫兩不相傷,,,,,□□不相□,夫兩□相傷,夫兩不相傷,夫兩不相傷,兩不相傷,,夫兩不相傷
22,8,故德交歸焉,,,,,□德交歸焉,故德交歸焉,故德交歸焉,故德交歸焉,德交歸焉,,故德交歸焉
22,9,,,,,,,,,,,,
23,0,大國者下游也,,,,,大邦者下流也,大國□□□□,大國者下流,大國者下流,大國者,,大國者
23,1,,,,,,,,,,天下之所流,,天下之下流
23,2,天下之牝也,,,,,天下之牝,□□□牝也,天下之交,天下之交,天下之所交,,天下之交
23,3,天下之交也,,,,,天下之郊也,天下之交也,天下之牝,天下之牝,天下之牝,,天下之牝
23,4,牝恒以靜勝牡,,,,,牝恒以靚勝牡,牝恒以靜朕牡,牝常以靜勝牡,牝常以靜勝牡,牝以静勝牡,,牝常以靖勝牡
23,5,以其靜也,,,,,爲亓靚□,爲亓靜也,以靜爲下,以靜爲下,牝以静爲下,,以其靖
23,6,故爲下,,,,,□宜爲下,故宜爲下也,,,,,故爲下也
23,7,故大國以下小國,,,,,大邦□下小□,故大國以下□國,故大國以下小國,故大國以下小國,故大國以下小國,,故大國以下小國
23,8,則取小,,,,,則取小,則取小,則取小國,則取小國,則取小國,,則取於小國
23,9,國=以下大國,,,,,邦=以下大邦,國=以下大國,小國以下大國,小國以下大國,小國以下大國,,小國以下大國
23,10,則取於大國,,,,,則取於大邦,則取於大國,則取大國,則取大國,則取大國,,則取於大國
23,11,故或下以取,,,,,故或下以取,故或下□□,故或下以取,或下以取,故或下而取之,,或下以取
23,12,或下□□,,,,,或下而取,□下而取,或下而取,或下而取,或下而取於人,,或下而取
23,13,□□□□□□□□□,,,,,□大邦者不過欲兼畜人,故大國者不□欲并畜人,大國不過欲兼畜人,大國不過欲兼畜人,夫大國不過欲兼畜人,,大國不過欲兼畜人
23,14,□□□□□□□□,,,,,小邦者不過欲入事人,小國不□欲入事人,小國不過欲入事人,小國不過欲入事人,小國不過欲入事人,,小國不過欲入事人
23,15,□□□□□,,,,,夫皆得亓欲□,夫□□亓欲,夫兩者各得其所欲,夫兩者各得其所欲,夫皆得其所欲,,兩者各得其所欲
23,16,□□□□爲下,,,,,□□□□爲下,則大者宜爲下,大者宜爲下,大者宜爲下,大者宜爲下,,故大者宜爲下
23,17,,,,,,,,,,,,
24,0,道者,,,,,□者,道者,道者,道者,道者,,道者
24,1,萬物之[木帚]也,,,,,萬物之注也,萬物之注也,萬物之奧,萬物之奧,萬物之奥,,萬物之奧也
24,2,善人之葆,,,,,善人之[艹𤥯s]也,善人之[艹𤥯s]也,善人之寳,善人之寳,善人之寳,,善人之所寳
24,3,不善人之所葆也,,,,,不善人之所[艹𤥯s]也,不善人之所保也,不善人之所保,不善人之所保,不善人之所不保,,不善人之所保
24,4,美言可以市,,,,,美言可以市,美言可以市,美言可以市,美言可以市,美言可以市,,美言可以於市
24,5,奠行可以賀人,,,,,奠行可以賀人,奠行可以賀人,尊行可以加人,尊行可以加人,尊行可以加人,,尊言可以加於人
24,6,之不善,,,,,之不善也,之不善,人之不善,人之不善,人之不善,,人之不善
24,7,何棄之有,,,,,何棄□有,何□□□,何棄之有,何棄之有,何棄之有,,何棄之有
24,8,故立天子,,,,,故立天子,□立天子,故立天子,故立天孑,故立天子,,故立天子
24,9,置三公,,,,,置三卿,置三鄉,置三公,置三公,置三公,,置三公
24,10,唯有共之璧以先四馬,,,,,雖有共之璧以先四馬,雖有□□璧以先四馬,雖有拱璧以先駟馬,雖有拱璧以先馴馬,雖有拱璧以先馴馬,,雖有拱璧以先馴馬
24,11,不如坐而進此,,,,,不善坐而進此,不若坐而進此,不如坐進此道,不如坐進此道,不如坐進此道,,不如進此道也
24,12,古之所以貴此者,,,,,古之所以貴此者,古□□□□□□□□,古之所以貴此道者何,古之所以貴此道者,古之所以貴此道者何,,古之所以貴此道者何也
24,13,何也,,,,,何也,,,,,,
24,14,不曰求以得,,,,,不胃□□得,不胃求以得,不曰以求得,何不日以求得,不曰求以得,,不曰求以得
24,15,有罪以免虖,,,,,有罪以免輿,有罪以免與,有罪以免邪,有罪以免耶,有罪以免,,有罪以免邪
24,16,故爲天下貴,,,,,故爲天下貴,故爲天下貴,故爲天下貴,故爲天下貴,故爲天下貴,,故爲天下貴
24,17,,,,,,,,,,,,
25,0,爲無爲,爲亡爲,爲亡爲,,,爲无爲,爲无爲,爲無爲,爲無爲,爲無爲,,爲無爲
25,1,事無事,事亡事,事亡事,,,事无事,□□□,事無事,事無事,事無事,,事無事
25,2,味無味,未亡未,未亡未,,,味无未,□□□,味無味,味無味,味無味,,味無味
25,3,小大,大少之,大少之,,,大小,□□,大小多少，`如何標點,大小多少,大小多少,,大小多少
25,4,多少,,,,,多少,□□,,,,,
25,5,報怨以德,,,,,報怨以德,□□□□,報怨以德,報怨以德,報怨以德,,報怨以德
25,6,[(囗(夊𠕁s)q)]難虖其易也,,,,,圖難乎□□□,□□□□□□,圖難於其易,圖難於其易,圖難於易,,圖難乎於其易
25,7,爲大虖其細也,,,,,□□□□□□,□□乎亓細也,爲大於其細,爲大於其細,爲大於細,,爲大乎於其細
25,8,天下之難事作於易,,,,,天下之難作於易,天下之□□□易,天下難事必作於易,天下難事必作於易,難事作於易,,天下之難事必作於易
25,9,天下之大事作於細,,,,,天下之大作於細,天下之大□□□,天下大事必作於細,天下大事必作於細,大事作於細,,天下之大事必作於細
25,10,是以聖人終不爲大,,,,,是以聖人冬不爲大,□□□□□□□□,是以聖人終不爲大,是以聖人終不爲大,是以聖人終不爲大,,是以聖人終不爲大
25,11,故能成大,,,,,故能□□□,□□□□\`字數,故能成其大,故能成其大,故能成其大,,故能成其大
25,12,夫輕若必寡信,,,,,□□□□□□,夫輕若□□信,夫輕諾必寡信,夫輕諾必寡信,輕諾者必寡信,,夫輕諾者必寡信
25,13,多易者必多難,多惕必多[難土s],多惕必多[難土s],,,□□□必多難。`字數,多易必多難,多易必多難,多易必多難,多易者必多難,,多易者必多難
25,14,是以聖人猶難之,是以聖人猷[難土s]之,是以聖人猷[難土s]之,,,是□□人猷難之,是以𦔻人□□之,是以聖人猶難之,是以聖人猶難之,聖人猶難之,,是以聖人猶難之
25,15,故終無難,古冬亡[難土s],古冬亡[難土s],,,故冬於无難,故□□□□,故終無難矣,故終無難,故終無難,,故終無難矣
25,16,,,,,,,,,,,,
26,0,其安易持也,亓安也,亓安也,,,亓安也,,其安易持,其安易持,其安易持,,其安易持
26,1,,易𣏔也,易𣏔也,,,易持也,,,,,,
26,2,其未兆易謀也,亓未[艹兆s]也,亓未[艹兆s]也,,,□□□□,,其未兆易謀,其未兆易謀,其未兆易謀,,其未兆易謀
26,3,,易𢘃也,易𢘃也,,,易謀□,,,,,,
26,4,其脃易判也,亓[雨㲎s]也,亓[雨㲎s]也,,,,,其脆易泮,其脆易破,其脆易破,,其脆易判
26,5,,易畔也,易畔也,,,,,,,,,
26,6,其微易散也,亓幾也,亓幾也,,,,,其微易散,其微易散,其微易散,,其微易散
26,7,,易㣤也,易㣤也,,,,,,,,,
26,8,爲之其無有也,爲之於亓亡有也,爲之於亓亡有也,,,,,爲之於未有,爲之於未有,爲之未有,,爲之乎其未有
26,9,治之其未亂也,𥿆之於亓未亂,𥿆之於亓未亂,,,,,治之於未亂,治之於未亂,治之未亂,,治之乎其未亂
26,10,合抱之木,𣌭□□□,𣌭□□□,,,,木,合抱之木,合抱之木,合抱之木,,合袌之木
26,11,作於豪末,□□□末,□□□末,,,毫末,作於毫末,生於毫末,生於毫末,生於毫末,,生於豪末
26,12,九成之臺,九成之臺,九成之臺,,,九成之臺,九成之臺,九層之台,九層之台,九重之臺,,九成之臺
26,13,作於絫土,乍□□□,乍□□□,,,作於羸土,作於𥸕土,起於累土,起於累土,起於壘土,,起於累土
26,14,百仞之高,□□□□,□□□□,,,百仁之高,百千之高,千里之行,千里之行,百仞之高,,千里之行
26,15,始於足下,□□足下,□□足下,,,台於足□,始於足下,始於足下,始於足下,始於足下,,始於足下
26,16,,,,,,,,,,,,
27,0,爲者敗之,爲之者敗之,爲之者敗之,,爲之者敗之,□□□□□,爲之者敗之,爲者敗之,爲者敗之,爲者敗之,,爲者敗之
27,1,執者失之,執之者遠之,執之者遠之,,執之者[遊#子羊=]之,□□□□□,執者失之,執者失之,執者失之,執者失之,,執者失之
27,2,是以聖人無爲,是以聖人亡爲古亡敗,是以聖人亡爲古亡敗,,聖人無爲古無敗也,□□□□□□也,是以𦔻人无爲□,是以聖人無爲故無敗,聖人無爲故無敗,故聖人無爲則無敗,,是以聖人無爲故無敗
27,3,故無敗也,,,,,□无敗□,□□□□,,,,,
27,4,無執,亡執古亡[遊#子羊=],亡執古亡[遊#子羊=],,無執古□□□,无執也,□□□,無執故無失,無執故無失,無執則無失,,無執故無失
27,5,故無失也,,,,,故无失也,□□□□,,,,,
27,6,民之從事也,臨事之紀,臨事之紀,,[((幺言)s斤z)]冬若[詞#口-],民之從事也,民之從事也,民之從事,民之從事,民之從事,,民之從事
27,7,恒於其成事而敗之,,,,則無敗事壴,恒於亓成事而敗之,恒於亓成而敗之,常於幾成而敗之,常於幾成而敗之,常於幾成而敗之,,常於其幾成而敗之
27,8,故慎終如始,[((十言)s斤z)]冬女[𢘜#口-],[((十言)s斤z)]冬女[𢘜#口-],,人之敗也,故慎終若始,故曰慎冬若始,慎終如始,慎終如始,慎終如始,,慎終如始
27,9,則無敗事矣,此亡敗事矣,此亡敗事矣,,亙於亓𠭯成也敗之,則□□□□,則无敗事矣,則無敗事,則無敗事,則無敗事,,則無敗事矣
27,10,是以聖人欲不欲,聖人谷不谷,聖人谷不谷,,是以□人欲不欲,□□□□欲不欲,是以𦔻人欲不欲,是以聖人欲不欲,是以聖人欲不欲,是以聖人欲不欲,,是以聖人欲不欲
27,11,不貴難得之貨,不貴難[貝寸s]之貨,不貴難[貝寸s]之貨,,不貴戁[貝寸s]之貨,而不貴難得之[月為],而不貴難得之貨,不貴難得之貨,不貴難得之貨,不貴難得之貨,,不貴難得之貨
27,12,學不學,𡥈不𡥈,𡥈不𡥈,,學不學,學不學,學不學,學不學,學不學,學不學,,學不學
27,13,而復眾人之所過,[辶复b]眾之所[辶化b],[辶复b]眾之所[辶化b],,[辶复b]眾之所[辶化b],而復眾人之所過,復眾人之所過,復眾人之所過,復眾人之所過,復衆人之所過,,以復眾人之所過
27,14,以輔萬物之自然,是古聖人能尃萬勿之自肰,是古聖人能尃萬勿之自肰,,是以能榑[土萬]勿之自肰,能輔萬物之自□,能輔萬物之自然,以輔萬物之自然,以輔萬物之自然,以輔萬物之自然,,以輔萬物之自然
27,15,而弗敢爲,而弗能爲,而弗能爲,,而弗敢爲,□弗敢爲,而弗敢爲,而不敢爲,而不敢爲,而不敢爲,,而不敢爲也
27,16,,,,,,,,,,,,
28,0,古之爲道者,,,,,故曰,古之爲道者,古之善爲道者,古之善爲道者,古之善爲道者,,古之善爲道者
28,1,非以明民也,,,,,爲道者非以明民也,非以明□□,非以明民,非以明民,非以明民,,非以明民
28,2,將以愚之也,,,,,將以愚之也,□□□之也,將以愚之,將以愚之,將以愚之,,將以愚之
28,3,民之難治,,,,,民之難□也,夫民之難治也,民之難治,民之難治,民之難治,,民之難治
28,4,以其智也,,,,,以亓知也,以亓知也,以其智多,以其智多,以其知之,,以其多知也
28,5,故以智=國,,,,,故以知=邦,故以知=國,故以智治國,以智治國,以智治國,,故以知治國
28,6,之賊也,,,,,之賊也,之賊也,國之賊,國之賊,國之賊,,國之賊也
28,7,以不智=國,,,,,以不知=邦,以不知=國,不以智治國,不以智治國,不以智治國,,不以知治國
28,8,之德也,,,,,□□德也,之德也,國之福,國之福,國之福,,國之福也
28,9,恒智此兩者,,,,,恒知此兩者,恒知此兩者,知此兩者,知此兩者,知此兩者,,常知此兩者
28,10,亦楷式,,,,,亦稽式也,亦稽式也,亦稽式,亦楷式,亦楷式,,亦稽式也
28,11,恒智楷式,,,,,恒知稽式,恒知稽式,常知稽式,常知楷式,常知楷式,,能知稽式
28,12,是謂玄,,,,,此胃玄,是胃玄,是謂玄德,是謂玄德,是謂玄德,,是謂玄德
28,13,德=深矣,,,,,德=深矣,德=深矣,玄德深矣,玄德深矣,玄德深矣,,玄德深矣
28,14,遠□,,,,,遠矣,遠矣,遠矣,遠矣,遠矣,,遠矣
28,15,□□□□,,,,,與物□矣,□物反也,與物反矣,與物反矣,與物反,,與物反矣
28,16,□□□□,,,,,乃□□□,乃至大順,然後乃至大順,乃至於大順,至於大順,,乃復至於大順
28,17,,,,,,,,,,,,
29,0,江海之所以能爲百谷王者,江海所以爲百浴王,江海所以爲百浴王,,,□海之所以能爲百浴王者,江海所以能爲百浴□□,江海所以能爲百谷王者,江海所以能爲百谷王者,江海所以能爲百谷王者,,江海所以能爲百谷王者
29,1,以其善下之也,以其能爲百浴下,以其能爲百浴下,,,以亓善下之,□亓□下之也,以其善下之,以其善下之,以其下之,,以其善下之也
29,2,故能爲百谷王,是以能爲百浴王,是以能爲百浴王,,,是以能爲百浴王,是以能爲百浴王,故能爲百谷王,故能爲百谷王,故能爲百谷王,,故能爲百谷王
29,3,是□□人之欲高民也,聖人之才民前也,聖人之才民前也,,,是以聖人之欲上民也,是以𦔻人之欲上民也,是以欲上民,是以聖人欲上民,是以聖人,,是以聖人欲上民
29,4,,,,,,,,,,其欲上民,,
29,5,必以其言下之,以身後之,以身後之,,,必以亓言下之,必以亓言下之,必以言下之,必以〔其〕言下之,以言下之,,必以其言下之
29,6,其欲先民也,亓才民上也,亓才民上也,,,亓欲先□□,亓欲先民也,欲先民,欲先民,其欲先民,,欲先民
29,7,必以其身後之,以言下之,以言下之,,,必以亓身後之,必以亓身後之,必以身後之,必以〔其〕身後之,以身後之,,必以其身後之
29,8,是以居上□民弗重,亓才民上也,亓才民上也,,,故居前而民弗害也,故居上而民弗重也,是以聖人處上而民不重,是以聖人處上而民不重,故在上而民不重,,是以聖人處之上而民弗重
29,9,,民弗[石毛s]也,民弗[石毛s]也,,,,,,,,,
29,10,居前而民弗害也,亓才民前也,亓才民前也,,,居上而民弗重也,居前而民弗害,處前而民不害,處前而民不害,居民之前而民不害,,處之前而民不害也
29,11,,民弗害也,民弗害也,,,,,,,,,
29,12,是以天下樂推而弗厭也,天下樂進而弗詁,天下樂進而弗詁,,,天下樂隼而弗猒也,天下皆樂誰而弗猒也,是以天下樂推而不厭,是以天下樂推而不厭,天下樂推而上之,,是以天下樂推而不猒
29,13,,,,,,,,,,而不知厭,,
29,14,不以其無爭邪,以亓不靜也,以亓不靜也,,,非以亓无諍與,不□亓无爭與,以其不爭,以其不爭,非以争,,不以其不爭
29,15,故天下莫能與之爭,占天下莫能與之靜,占天下莫能與之靜,,,故□□□□□諍,故天下莫能與爭,故天下莫能與之爭,故天下莫能與之爭,故天下莫能與之争,,故天下莫能與之爭
29,16,,,,,,,,,,,,
30,0,天下皆謂我大,,,,,□□□□□□,天下□胃我大,天下皆謂我道大,天下皆謂我大,天下謂我大,,天下皆謂吾大
30,1,以不宵,,,,,□□□\`都有字數問題,而不宵,似不肖,似不肖,似不肖,,似不肖
30,2,夫唯大,,,,,夫唯□,夫唯不宵,夫唯大,夫唯大,夫唯大,,夫惟大
30,3,故不宵,,,,,故不宵,故能大,故似不肖,故似不肖,故似不肖,,故似不肖
30,4,若宵,,,,,若宵,若宵,若肖,若肖,若肖,,若肖
30,5,久矣其細也夫,,,,,細久矣,久矣亓細也夫,久矣其細也夫,久矣其細〔也〕夫,久其小矣,,久矣其細也夫
30,6,我恒有三葆,,,,,我恒有三葆之,我恒有三𤥯,我有三寳,我有三寳,吾有三寳,,吾有三寳
30,7,侍而葆之,,,,,,市而𤥯之,持而保之,持而寳（保）之,持而保之,,持而寳之
30,8,一曰茲,,,,,一曰茲,一曰茲,一曰慈,一曰慈,一曰慈,,一曰慈
30,9,二曰歛,,,,,二曰檢,二曰檢,二曰儉,二曰儉,二曰儉,,二曰儉
30,10,三曰不敢爲天下先,,,,,□□□□□□□□,三曰不敢爲天下先,三曰不敢爲天下先,三曰不敢爲天下先,三曰不敢爲天下先,,三曰不敢爲天下先
30,11,茲,,,,,□□,夫茲,慈,慈,慈,,夫慈
30,12,故能勇,,,,,□□□,故能勇,故能勇,故能勇,故能勇,,故能勇
30,13,歛,,,,,□,檢,儉,儉,儉,,儉
30,14,故能廣,,,,,故能廣,敢能廣,故能廣,故能廣,故能廣,,故能廣
30,15,不敢爲天下先,,,,,不敢爲天下先,不敢爲天下先,不敢爲天下先,不敢爲天下先,不敢爲天下先,,不敢爲天下先
30,16,故能爲成器長,,,,,故能爲成事長,故能爲成器長,故能成器長,故能成器長,故能成器長,,故能成器長
30,17,今舍其茲且勇,,,,,今舍亓茲且勇,□舍亓茲且勇,今舍慈且勇,今捨〔其〕慈且勇,今釋慈且勇,,今捨其慈且勇
30,18,舍其歛且廣,,,,,,舍亓檢且廣,舍儉且廣,舍〔其〕儉且廣,釋儉且廣,,捨其儉且廣
30,19,舍其後且先,,,,,舍亓後且先,舍亓後且先,舍後且先,舍〔其〕後且先,釋後且先,,捨其後且先
30,20,則死矣,,,,,則必死矣,則死矣,死矣,死矣,則死矣,,是謂入死門
30,21,夫茲,,,,,夫茲,夫茲,夫慈,夫慈,夫慈,,夫慈
30,22,以陳則正,,,,,□□則勝,以單則朕,以戰則勝,以戰則勝,以戰則勝,,以陳則正
30,23,以守則固,,,,,以守則固,以守則固,以守則固,以守則固,以守則固,,以守則固
30,24,天之救之,,,,,天將建之,天將建之,天將救之,天將救之,天將救之,,天將救之
30,25,若以茲衛之,,,,,女以茲垣之,如以茲垣之,以慈衛之,以慈衛之,以慈衛之,,以慈衛之
30,26,,,,,,,,,,,,
31,0,善爲士者不武,,,,,善爲士者不武,故善爲士者不武,善爲士者不武,古之〕善爲士者不武,善爲士者不武,,古之善爲士者不武也
31,1,善戰者不怒,,,,,善戰者不怒,善單者不怒,善戰者不怒,善戰者不怒,善戰者不怒,,善戰者不怒
31,2,善勝適者弗與,,,,,善勝敵者弗□,善朕敵者弗與,善勝敵者不與,善勝戰〈敵〉者不與,善勝敵者不與,,善勝敵者不爭
31,3,善用人者爲之下,,,,,善用人者爲之下,善用人者爲之下,善用人者爲之下,善用人者爲下,善用人者爲之下,,善用人者爲之下
31,4,是謂不爭之德,,,,,□胃不諍之德,是胃不爭□德,是謂不爭之德,是謂不爭之德,是謂不争之德,,是謂不爭之德
31,5,是謂用人,,,,,是胃用人,是胃用人,是謂用人之力,是謂用人之力,用人之力,,是謂用人之力
31,6,是謂肥天,,,,,是胃天,是胃肥天,是謂配天,是謂配天,是謂配天,,是謂配天
31,7,古之極,,,,,古之極也,古之極也,古之極,古之極,古之極,,古之極也
31,8,,,,,,,,,,,,
32,0,用兵有言曰,,,,,用兵有言曰,用兵又言曰,用兵有言,用兵有言,用兵有言,,用兵有言曰
32,1,吾不敢爲主而爲客,,,,,吾不敢爲主而爲客,吾不敢爲主而爲客,吾不敢爲主而爲客,吾不敢爲主而爲客,吾不敢爲主而爲客,,吾不敢爲主而爲客
32,2,不敢進寸而退尺,,,,,吾不進寸而芮尺,不敢進寸而退尺,不敢進寸而退尺,不敢進寸而退尺,不敢進寸而退尺,,不敢進寸而退尺
32,3,是謂行無行,,,,,是胃行无行,是胃行无行,是謂行無行,是謂行無行,是謂行無行,,是謂行無行
32,4,攘無臂,,,,,襄无臂,攘无臂,攘無臂,攘無臂,攘無臂,,攘無臂
32,5,執無兵,,,,,執无兵,執无兵,扔無敵,仍無敵,執無兵,,執無兵
32,6,乃無適,,,,,乃无敵矣,乃无敵,執無兵,執無兵,仍無敵,,仍無敵
32,7,禍莫大於無,,,,,𢢸莫於於无=\`有訛字,禍莫大於無,禍莫大於輕敵,禍莫大於輕敵,禍莫大於輕敵,,禍莫大於無敵
32,8,適=則幾亡吾葆矣,,,,,適=斤亡吾吾葆矣。`有訛字,敵=近○亡吾𤥯矣,輕敵幾喪吾寳,輕敵幾喪吾寳,輕敵幾喪吾寳,,無敵則幾亡吾寳
32,9,故亢兵相若,,,,,故稱兵相若,故抗兵相若,故抗兵相加,故抗兵相加,,,故抗兵相若
32,10,則哀者勝矣,,,,,則哀者勝矣,而依者朕□,哀者勝矣,哀者勝矣,,,則哀者勝矣
32,11,,,,,,,,,,,,
33,0,吾言甚易智,,,,,吾言甚易知也,吾言易知也,吾言甚易知,吾言甚易知,吾言甚易知,,吾言甚易知
33,1,甚易行,,,,,甚易行也,易行也,甚易行,甚易行,甚易行,,甚易行
33,2,而天下莫之能智,,,,,而人莫之能知也,而天下莫之能知也,天下莫能知,天下莫能知,而天下莫能知,,而人莫之能知
33,3,莫之能行,,,,,而莫之能行也,莫之能行也,莫能行,莫能行,莫能行,,莫之能行
33,4,言有宗,,,,,言有君,夫言又宗,言有宗,言有宗,言有宗,,言有宗
33,5,事有君,,,,,事有宗,事又君,事有君,事有君,事有君,,事有主
33,6,天唯無智,,,,,亓唯无知也,夫唯无知也,夫唯無知,夫惟無知,唯我無知,,夫惟無知
33,7,是以不吾智,,,,,是以不□□,是以不我知,是以不我知,是以不我知,是以不吾知,,是以不吾知也
33,8,我者希,,,,,□□□□,者希,知我者希,知我者希,知我者希,,知我者稀
33,9,則我貴矣,,,,,□我貴矣,則我貴矣,則我者貴,則我者貴,則我貴矣,,則我貴矣
33,10,是以聖人被褐而懷玉,,,,,是以聖人被褐而褱玉,是以𦔻人被褐而褱玉,是以聖人被褐懷玉,是以聖人被褐懷玉,是以聖人被褐而懷玉,,是以聖人被褐而懷玉
33,11,,,,,,,,,,,,
34,0,智不智,,,,,知不知,知不知,知不知,知不知,知不知,,知不知
34,1,上矣,,,,,尚矣,尚矣,上,上,上,,尚矣
34,2,不智,,,,,不=知,不知,不知知,不知知,不知知,,不知知
34,3,病矣,,,,,病矣,病矣,病,病,病,,病矣
34,4,夫唯病,,,,,,,夫唯病病,夫唯病病,夫唯病病,,夫惟病病
34,5,是以不病,,,,,,,是以不病,是以不病,是以不病,,是以不病
34,6,聖人□□病,,,,,是以聖人之不病,是以𦔻人之不□也,聖人不病,聖人不病,聖人不病,,聖人之不病
34,7,以其不病□□,,,,,以亓□□□,以亓病=也,以其病病,以其病病,以其病病,,以其病病
34,8,□□不病,,,,,□□□□,是以不病,是以不病,是以不病,是以不病,,是以不吾病
34,9,,,,,,,,,,,,
35,0,□不畏威,,,,,□□□畏,民之不畏,民不畏威,民不畏威,民不畏威,,民不畏威
35,1,則大威至矣,,,,,則大□□□矣,則大畏將至矣,則大威至,則〕大威至矣,則大威至,,則大威至矣
35,2,毋柙其所居,,,,,毋閘亓所居,毋𠇺亓所居,無狎其所居,無狹其所居,無挾其所居,,無狎其所居
35,3,毋厭其□生,,,,,毋猒亓所生,毋猒亓所生,無厭其所生,無厭其所生,無厭其所生,,無猒其所生
35,4,夫唯弗厭,,,,,亓唯弗猒,夫唯弗猒,夫唯不厭,夫唯不厭,夫唯不厭,,夫惟無猒
35,5,是以不厭,,,,,是□□□,是以不猒,是以不厭,是以不厭,是以不厭,,是以無猒
35,6,是以聖人自智而不自見也,,,,,□□□□□□□□□□\`字數,是以𦔻人自知而不自見也,是以聖人自知不自見,是以聖人自知不自見,是以聖人自知不自見,,是以聖人自知而不自見
35,7,自愛而不自貴也,,,,,□□而不自貴也,自愛而不自貴也,自愛不自貴,自愛不自貴,自愛不自貴,,自愛而不自貴
35,8,故去被取此,,,,,故去被取此,故去罷而取此,故去彼取此,故去彼取此,去彼取此,,故去彼取此
35,9,,,,,,,,,,,,
36,0,勇於敢則殺,,,,,勇於敢者□□,勇於敢則殺,勇於敢則殺,勇於敢則殺,勇於敢則殺,,勇於敢則殺
36,1,勇於不敢則枯,,,,,□於不敢者則栝,勇於不敢則栝,勇於不敢則活,勇於不敢則活,勇於不敢則活,,勇於不敢則活
36,2,此兩者,,,,,□□□,□兩者,此兩者,知〕此兩者,常知此兩者,,此兩者
36,3,或利或害,,,,,□□□□,或利或害,或利或害,或利或害,或利或害,,或利或害
36,4,天之所惡,,,,,□□□□,天之所亞,天之所惡,天之所惡,天之所惡,,天之所惡
36,5,孰智其故,,,,,□□□□,孰知亓故,孰知其故,孰知其故,孰知其故,,孰知其故
36,6,,,,,,,,是以聖人猶難之,是以聖人猶難之,,,是以聖人猶難之
36,7,天之道,,,,,□□□,天之道,天之道,天之道,天之道,,天之道
36,8,不爭而善勝,,,,,□□□□□,不單而善朕,不爭而善勝,不爭而善勝,不争而善勝,,不爭而善勝
36,9,不言善應,,,,,不言而善應,不言而善應,不言而善應,不言而善應,不言而善應,,不言而善應
36,10,弗召自來,,,,,不召而自來,弗召而自來,不召而自來,不召而自來,不召而自來,,不召而自來
36,11,[言黑]然善謀,,,,,彈而善謀,單而善謀,繟然而善謀,繟然而善謀,坦然而善謀,,默然而善謀
36,12,天罔怪,,,,,□□□□,天罔[礻圣],天網恢恢,天網恢恢,天網恢恢,,天網恢恢
36,13,疏而不失,,,,,□□□□,疏而不失,疏而不失,踈而不失,疏而不失,,疏而不失
36,14,,,,,,,,,,,,
37,0,民恒不畏死,,,,,□□□□□□□,若民恒且畏不畏死,民不畏死,民不畏死,民不畏死,,民常不畏死
37,1,奈何其以殺戄之也,,,,,奈何以殺愳之也,若何以殺[目瞿]之也,奈何以死懼之,奈何以死懼之,奈何以死懼之,,如之何其以死懼之
37,2,若使民恒不畏死,,,,,若民恒是死,使民恒且畏死,若使民常畏死,若使民常畏死,若使民常畏死,,若使民常畏死
37,3,而爲畸者,,,,,則而爲者,而爲畸者,而爲奇者,而爲奇者,而爲奇者,,而爲奇者
37,4,吾得而殺之,,,,,吾將得而殺之,□得而殺之,吾得執而殺之,吾得執而殺之,吾得執而殺之,,吾得而殺之
37,5,夫孰敢矣,,,,,夫孰敢矣,夫孰敢矣,孰敢,孰敢,夫孰敢矣,,孰敢也
37,6,,,,,,若民□□必畏死,若民恒且必畏死,,,,,
37,7,恒有司殺者,,,,,則恒有司殺者,則恒又司殺者,常有司殺者殺,常有司殺者,常有司殺者殺,,常有司殺者殺
37,8,夫代司殺者殺,,,,,夫伐司殺者殺,夫代司殺者殺,夫代司殺者殺,夫代司殺者,而代司殺者殺,,而代司殺者殺
37,9,是代大匠斵也,,,,,是伐大匠斲也,是代大匠斲,是謂代大匠斲,是謂代大匠斲,是代大匠斲,,是代大匠斲
37,10,夫代大匠斵者,,,,,夫伐大匠斲者,夫代大匠斲,夫代大匠斲者,夫代大匠斲者,夫代大匠斲,,夫代大匠斲者
37,11,希不傷其手矣,,,,,則□不傷亓手矣,則希不傷亓手,希有不傷其手矣,希有不傷〔其〕手矣,希不傷其手,,稀不自傷其手矣
37,12,,,,,,,,,,,,
38,0,人之飢也,,,,,人之飢也,人之飢也,民之饑,民之飢,人之飢也,,民之飢者
38,1,以其取食脱之多也,,,,,以亓取食𨓚之多也,以亓取食𨁑之多,以其上食税之多,以其上食税之多,上食税之多,,以其上食税之多也
38,2,是以飢,,,,,是以飢,是以飢,是以饑,是以飢,是以飢,,是以飢
38,3,百姓之不治也,,,,,百姓之不治也,百生之不治也,民之難治,民之難治,百姓難治,,民之難治者
38,4,以上之有以爲也,,,,,以亓上有以爲□,以亓上之有以爲也,以其上之有爲,以其上之有爲,以上有爲,,以其上之有爲也
38,5,是以不治,,,,,是以不治,□以不治,是以難治,是以難治,是以不治,,是以難治
38,6,民之輕死也,,,,,民之巠死,民之輕死也,民之輕死,民之輕死,民之輕死,,民之輕死者
38,7,以其生之厚也,,,,,以亓求生之厚也,以亓求生之厚也,以其求生之厚,以其求生之厚,求生之厚,,以其上求生生之厚也
38,8,是以輕死,,,,,是以巠死,是以輕死,是以輕死,是以輕死,是以輕死,,是以輕死
38,9,夫唯無以生爲,,,,,夫唯无以生爲者,夫唯无以生爲者,夫唯無以生爲者,夫唯無以生爲者,無以生爲,,夫惟無以生爲貴者
38,10,是賢貴生也,,,,,是賢貴生,是賢貴生,是賢於貴生,是賢於貴生,是賢於貴生,,是賢於貴生也
38,11,,,,,,,,,,,,
39,0,人之生也柔弱,,,,,人之生也柔弱,人之生也柔弱,人之生也柔弱,人之生也柔弱,人之生也柔弱,,人之生也柔弱
39,1,其死也倰信堅强,,,,,亓死也[艹恒s]仞賢强,亓死也[骨恒]信堅强,其死也堅强,其死也堅强,其死也堅强,,其死也堅彊
39,2,萬物草木之生也柔弱,,,,,萬物草木之生也柔脆,萬□□木之生也柔椊,萬物草木之生也柔脆,萬物草木之生也柔脆,草木之生柔脆,,草木之生也柔脆
39,3,其死也苦蒿,,,,,亓死也𣒞[高死s],亓死也𣒞槁,其死也枯槁,其死也枯槁,其死枯槁,,其死也枯槁
39,4,,,,,,故曰,故曰,,,,,
39,5,故堅强者死之徒也,,,,,堅强者死之徒也,堅强死之徒也,故堅强者死之徒,故堅强者死之徒,故堅强者死之徒,,故堅彊者死之徒也
39,6,柔弱者生之徒也,,,,,柔弱微細生之徒也,柔弱生之徒也,柔弱者生之徒,柔弱者生之徒,柔弱者生之徒,,柔弱者生之徒也
39,7,是以兵强則不勝,,,,,兵强則不勝,□以兵强則不朕,是以兵强則不勝,是以兵强則不勝,故兵强不勝,,是以兵彊者則不勝
39,8,木强則核,,,,,木强則恒,木强則兢,木强則兵,木强則共,木强則共,,木彊則共
39,9,故强大居下,,,,,强大居下,故强大居下,强大處下,强大處下,强大處下,,故堅彊處下
39,10,柔弱居上,,,,,柔弱微細居上,柔弱居上,柔弱處上,柔弱處上,小弱處上,,柔弱處上
39,11,,,,,,,,,,,,
40,0,天之道,,,,,天下□□,天之道,天之道,天之道,天之道,,天之道
40,1,猶張弓者也,,,,,□□□者也,酉張弓也,其猶張弓與,其猶張弓乎,其猶張弓,,其猶張弓者歟
40,2,高者抑之,,,,,高者印之,高者印之,高者抑之,高者抑之,高者案之,,高者抑之
40,3,下者舉之,,,,,下者舉之,下者舉之,下者舉之,下者舉之,下者舉之,,下者舉之
40,4,有餘者損之,,,,,有餘者𢿃之,有余者云之,有餘者損之,有餘者損之,有餘者損之,,有餘者損之
40,5,不足者輔之,,,,,不足者補之,不足者□□,不足者補之,不足者與（益）之,不足者補之,,不足者補之
40,6,天之□,,,,,故天之道,□□□□,天之道,天之道,天之道,,天之道
40,7,損有餘而奉不足,,,,,𢿃有□□□□□,云有余而益不足,損有餘而補不足,損有餘而補不足,損有餘,,損有餘而補不足
40,8,,,,,,,,,,補不足,,
40,9,人之道不然,,,,,□□□不然,人之道,人之道則不然,人之道則不然,人之道則不然,,人之道則不然
40,10,損不足而奉有餘,,,,,𢿃□□□奉有餘,云不足而奉又余,損不足以奉有餘,損不足以奉有餘,損不足,,損不足以奉有餘
40,11,,,,,,,,,,奉有餘,,
40,12,孰能有餘而有取奉於天者,,,,,孰能有餘而有以取奉於天者乎,夫孰能又余而□□奉於天者,孰能有餘以奉天下,孰能有餘以奉天下,孰能損有餘而奉天下,,孰能損有餘而奉不足於天下者
40,13,唯有道者也,,,,,□□□□□,唯又道者乎,唯有道者,唯有道者,唯有道者,,其惟道者乎
40,14,是以聖人爲而弗有,,,,,□□□□□□□□,是以𦔻人爲而弗又,是以聖人爲而不恃,是以聖人爲而不恃,是以聖人爲而不恃,,是以聖人爲而不恃
40,15,成功而弗居,,,,,□□□□□□,成功而弗居也,功成而不處,功成而不處,成功不居,,功成而不居
40,16,其欲不見賢也,,,,,□□□□□見賢也,若此亓不欲見賢也,其不欲見賢,其不欲見賢,不欲見賢,,其不欲見賢邪
40,17,,,,,,,,,,,,
41,0,天下莫柔弱於水,,,,,天下莫柔□□□,天下莫柔弱於水,天下莫柔弱於水,天下柔弱莫過於水,天下莫柔弱於水,,天下莫柔弱於水
41,1,而功堅强者莫之能失也,,,,,□□堅强者莫之能□也,□□□□□□□□□,而攻堅强者莫之能勝,而攻堅强者莫知〈之〉能勝,而攻堅强者莫之能先,,而攻堅彊者莫之能先
41,2,以其無以易之也,,,,,以亓无□易□□,以亓无以易之也,其無以易之,其無以易之,其無以易之矣,,以其無以易之也
41,3,故水之勝剛,,,,,□□□□,水之朕剛也,弱之勝强,弱之勝强,夫水之勝强,,柔之勝剛
41,4,弱之勝强,,,,,□勝强,弱之朕强也,柔之勝剛,柔之勝剛,柔之勝剛,,弱之勝彊
41,5,天下莫弗智,,,,,天□□□□□\`字數,天下莫弗知也,天下莫不知,天下莫不知,天下莫不知,,天下莫不知
41,6,而莫能居,,,,,,,,,,,
41,7,莫能行,,,,,□□行也,而□□□□也。`字數,莫能行,莫能行,莫之能行,,而莫之能行
41,8,故聖人之言云,,,,,故聖人之言云,是故𦔻人之言云,是以聖人云,故聖人云,聖人言云,,故聖人之言云
41,9,受國之訽,,,,,曰受邦之訽,曰受國之訽,受國之垢,受國之垢,受國之垢,,受國之垢
41,10,是謂社[𥚾#八-]之主,,,,,是胃社稷之主,是胃社稷之主,是謂社稷主,是謂社稷主,是謂社稷之主,,是謂社稷之主
41,11,受國之不恙,,,,,受邦之不祥,受國之不祥,受國不祥,受國之不祥,受國不祥,,受國之不祥
41,12,是謂天下之王,,,,,是胃天下之王,是胃天下之王,是爲天下王,是謂天下王,是謂天下之王,,是謂天下之主
41,13,正言若反,,,,,□□若反,正言若反,正言若反,正言若反,正言若反,,正言若反也
41,14,,,,,,,,,,,,
41,15,和大怨,,,,,和大怨,禾大□,和大怨,和大怨,和大怨,,和大怨
41,16,必有餘怨,,,,,必有餘怨,□□□□,必有餘怨,必有餘怨,必有餘怨,,必有餘怨
41,17,安可以爲善,,,,,焉可以爲善,□□□爲善,安可以爲善,安可以爲善,安可以爲善,,安可以爲善
41,18,是以聖人執左契,,,,,是以聖右介,是以𦔻人執左芥,是以聖人執左契,是以聖人執左契,是以聖人執左契,,是以聖人執左契
41,19,而不以責於人,,,,,而不以責於人,而不以責於人,而不責於人,而不責於人,不以責於人,,而不責於人
41,20,故有德司契,,,,,故有德司介,故又德司芥,有德司契,有德司契,有德司契,,故有德司契
41,21,無德司肆,,,,,□德司勶,无德司勶,無德司徹,無德司徹,無德司轍,,無德司徹
41,22,天道無親,,,,,夫天道无親,□□□□,天道無親,天道無親,天道無親,,天道無親
41,23,恒與善人,,,,,恒與善人,□□□□,常與善人,常與善人,常與善人,,常與善人
41,24,,,,,,,//德 三千卌一,,,,,
41,25,,,,,,,,,,,,
42,0,小國寡民,,,,,小邦𪟊民,小國寡民,小國寡民,小國寡民,小國寡民,,小國寡民
42,1,使有什佰人之氣而勿用,,,,,使十百人之器毋用,使有十百人器而勿用,使有什伯之器而不用,使〔民〕有什伯,使人有什伯之器而不用,,使民有什伯之器而不用也
42,2,,,,,,,,,人之器而不用,,,
42,3,使民重死而遠徙,,,,,使民重死而遠送,使民重死而遠徙,使民重死而不遠徙,使民重死而不遠徙,使民重死而不遠徙,,使民重死而不遠徙
42,4,有舟車,,,,,有車周,又周車,雖有舟輿,雖有舟轝（輿,雖有舟輿,,雖有舟輿
42,5,無所乘之,,,,,无所乘之,无所乘之,無所乘之,無所乘之,無所乘之,,無所乘之
42,6,有甲兵,,,,,有甲兵,有甲兵,雖有甲兵,雖有甲兵,雖有甲兵,,雖有甲兵
42,7,無所陳之,,,,,无所陳□,无所陳之,無所陳之,無所陳之,無所陳之,,無所陳之
42,8,使民復結繩而用之,,,,,□□□□□□用之,使民復結繩而用之,使人復結繩而用之,使民復結繩而用之,使人結繩而用之,,使民復結繩而用之
42,9,,,,,,,,,,,,至治之極
42,10,甘其食,,,,,甘亓食,甘亓食,甘其食,甘其食,甘其食,,民各甘其食
42,11,美其服,,,,,美亓服,美亓服,美其服,美其服,美其服,,美其服
42,12,樂其俗,,,,,樂亓俗,樂亓俗,安其居,安其居,樂其俗,,安其俗
42,13,安其居,,,,,安亓居,安亓居,樂其俗,樂其俗,安其居,,樂其業
42,14,鄰國相朢,,,,,[粦几]邦相[朢#月攴=],𠳵國相朢,鄰國相望,鄰國相望,鄰國相望,,鄰國相望
42,15,雞狗之音相聞,,,,,雞狗之聲相聞,雞犬之□□聞,雞犬之聲相聞,雞狗之聲相聞,雞犬之聲相聞,,雞犬之聲相聞
42,16,民至老而死不相往來,,,,,民□□□□□□□,民至老死不相往來,民至老死不相往來,民至老〔死〕不相往來,民至老死不相往來,,使民至老死不相與往來
42,17,,,,,,,,,,,,
43,0,信言不美,,,,,□□□□,信言不美,信言不美,信言不美,信言不美,,信言不美
43,1,言不信,,,,,□□不□,言不信,美言不信,美言不信,美言不信,,美言不信
43,2,智者不博,,,,,□者不博,知者不博,善者不辯,善者不辯,知者不博,,善言不辯
43,3,者不智,,,,,□者不知,者不知,辯者不善,辯者不善,博者不知,,辯言不善
43,4,善者不辯,,,,,善□□□,善者不多,知者不博,知者不博,善者不辯,,知者不博
43,5,者不善,,,,,□者不善,者不善,博者不知,博者不知,辯者不善,,博者不知
43,6,聖人無責,,,,,聖人无□,𦔻人无積,聖人不積,聖人不積,是故聖人不積,,聖人無積
43,7,氣以爲人,,,,,□以爲,既以爲人,既以爲人,既以爲人,既以爲人,,既以爲人
43,8,己俞有,,,,,,己俞有,己愈有,己愈有,己愈有,,己愈有
43,9,氣以予人,,,,,,既以予人矣,既以與人,既以與人,既以與人,,既以與人
43,10,己俞多,,,,,,己俞多,己愈多,己愈多,己愈多,,己愈多
43,11,天之道,,,,,,故天之道,天之道,天之道,天之道,,天之道
43,12,利而弗害,,,,,,利而不害,利而不害,利而不害,利而不害,,利而不害
43,13,人之道,,,,,,人之道,聖人之道,聖人之道,聖人之道,,聖人之道
43,14,爲而弗爭也,,,,,,爲而弗爭,爲而不爭,爲而不爭,爲而不争,,爲而不爭
43,15,//•凡二千九百卌二,,,,,,,,,,,
43,16,,,,,,,,,,,,
44,0,道可道,,,,,道可道也,道可道也,道可道,道可道,,,道可道
44,1,非恒道殴,,,,,非恒道也,□□□□,非常道,非常道,,,非常道
44,2,名可命,,,,,名可名也,□□□□,名可名,名可名,,,名可名
44,3,非恒名也,,,,,非恒名也,□恒名也,非常名,非常名,,,非常名
44,4,無名,,,,,无名,无名,無名,無名,,,無名
44,5,萬物之始也,,,,,萬物之始也,萬物之始也,天地之始,天地之始,,,天地之始
44,6,有名,,,,,有名,有名,有名,有名,,,有名
44,7,萬物之母也,,,,,萬物之母也,萬物之母也,萬物之母,萬物之母,,,萬物之母
44,8,故恒無欲,,,,,□恒无欲也,故恒无欲也,故常無欲,故常無欲,,,故常無欲
44,9,以觀其眇,,,,,以觀其眇,□□□□,以觀其妙,以觀其妙,,,以觀其妙
44,10,恒有欲,,,,,恒有欲也,恒又欲也,常有欲,常有欲,,,常有欲
44,11,以觀其所僥,,,,,以觀其所噭,以觀亓所噭,以觀其徼,以觀其徼,,,以觀其徼
44,12,此兩者同出,,,,,兩者同出,兩者同出,此兩者同出而異名,此兩者同出而異名,,,兩者同出而異名
44,13,異名同謂,,,,,異名同胃,異名同胃,同謂之玄,同謂之玄,,,同謂之玄
44,14,玄之有玄之,,,,,玄之有玄,玄之又玄,玄之又玄,玄之又玄,,,玄之又玄
44,15,眾眇之門,,,,,眾眇之□,眾眇之門,眾妙之門,眾妙之門,,,眾妙之門
44,16,,,,,,,,,,,,
45,0,天下皆智美之爲美,天下皆智𢼸之爲[女𡵂]也,天下皆智𢼸之爲[女𡵂]也,,,天下皆知美爲美,天下皆知美之爲美,天下皆知美之爲美,天下皆知美之爲美,,,天下皆知美之爲美
45,1,亞已,亞已,亞已,,,惡已,亞已,斯惡已,斯惡已,,,斯惡已
45,2,皆智善之爲善,皆智善,皆智善,,,皆知善,皆知善,皆知善之爲善,皆知善之爲善,,,皆知善之爲善
45,3,斯不善矣,此亓不善已,此亓不善已,,,訾不善矣,斯不善矣,斯不善已,斯不善已,,,斯不善已
45,4,故有無之相生,又亡之相生也,又亡之相生也,,,有无之相生也,□□□□生也,故有無相生,故有無相生,,,故有無之相生
45,5,難易之相成,戁惕之相成也,戁惕之相成也,,,難易之相成也,難易之相成也,難易相成,難易相成,,,難易之相成
45,6,短長之相刑,長耑之相型也,長耑之相型也,,,長短之相刑也,長短之相刑也,長短相較,長短相形,,,長短之相形
45,7,高下之相頃,高下之相浧也,高下之相浧也,,,高下之相盈也,高下之相盈也,高下相傾,高下相傾,,,高下之相傾
45,8,言聲之相和,音聖之相和也,音聖之相和也,,,意聲之相和也,音聲之相和也,音聲相和,音聲相和,,,音聲之相和
45,9,先後之相[(辶(阝(夂一刖s)z)b)],先後之相墮也,先後之相墮也,,,先後之相隋,先後之相隋,前後相隨,前後相隨,,,前後之相隨
45,10,,,,,,恒也,恒也,,,,,
45,11,是以聖人居無爲之事,是以聖人居亡爲之事,是以聖人居亡爲之事,,,是以聲人居无爲之事,是以𦔻人居无爲之事,是以聖人處無爲之事,是以聖人處無爲之事,,,是以聖人處無爲之事
45,12,行不言之教,行不言之𡥈,行不言之𡥈,,,行□□□□,行不言之教,行不言之教,行不言之教,,,行不言之教
45,13,萬物作而弗辤,萬勿[作又s]而弗[𢘜#口-]也,萬勿[作又s]而弗[𢘜#口-]也,,,□□□□□□也,萬物昔而弗始,萬物作焉而不辭,萬物作焉而不辭,,,萬物作而不爲始
45,14,,,,,,,,生而不有,生而不有,,,生而不有
45,15,爲而弗侍,爲而弗志也,爲而弗志也,,,爲而弗志也,爲而弗侍也,爲而不恃,爲而不恃,,,爲而不恃
45,16,成功而弗居,成而弗居,成而弗居,,,成功而弗居也,成功而弗居也,功成而弗居,功成而弗居,,,功成不處
45,17,夫唯弗居,天唯弗居也,天唯弗居也,,,夫唯居,夫唯弗居,夫唯弗居,夫惟弗（不）居,,,夫惟不處
45,18,是以弗去,是以弗去也,是以弗去也,,,是以弗去,是以弗去,是以不去,是以不去,,,是以不去
45,19,,,,,,,,,,,,
46,0,不上賢,,,,,不上賢,不上賢,不尚賢,不尚賢,,,不尚賢
46,1,使民不爭,,,,,□□□□,使民不爭,使民不爭,使民不爭,,,使民不爭
46,2,不貴難得之貨,,,,,□□□□□□,不貴難得之貨,不貴難得之貨,不貴難得之貨,,,不貴難得之貨
46,3,使民不爲盜,,,,,□民不爲□,使民不爲盜,使民不爲盜,使民不爲盜,,,使民不爲盜
46,4,不見可欲,,,,,不□□□,不見可欲,不見可欲,不見可欲,,不見可欲,不見可欲
46,5,使心不亂,,,,,□民不[爫乚],使民不[爫乚],使民心不亂,使心不亂,,使心不亂,使民心不亂
46,6,是以聖人之治也,,,,,是以聲人之□□,是以𦔻人之治也,是以聖人之治,是以聖人〔之〕治,,聖人治,是以聖人之治也
46,7,虛其心,,,,,□□□,虛亓心,虛其心,虛其心,,靈其心,虛其心
46,8,實其腹,,,,,□□□,實亓腹,實其腹,實其腹,,實其腹,實其腹
46,9,弱其志,,,,,□□□,弱亓志,弱其志,弱其志,,弱其志,弱其志
46,10,强其骨,,,,,强其骨,强亓骨,强其骨,强其骨,,强其骨,彊其骨
46,11,恒使民無智無欲,,,,,,恒使民无知无欲也,常使民無知無欲,常使民無知無欲,,常使民无知无欲,常使民無知無欲
46,12,使夫智不敢,,,,,使□□□□,使夫知不敢,使夫智者不敢爲也,使夫智者不敢爲也,,使知者不敢,使夫知者不敢爲
46,13,弗爲,,,,,□□□□,弗爲而已,,,,不爲,
46,14,,,,,,,,爲無爲,爲無爲,,,爲無爲
46,15,則無不治矣,,,,,□□□□□,則无不治矣,則無不治,則無不治,,則無不治,則無不爲矣
46,16,,,,,,,,,,,,
47,0,道沖而用之,,,,,□□□□□,道沖而用之,道沖而用之,道冲而用之,,道沖而用之,道盅而用之
47,1,有弗盈,,,,,□□盈也,有弗盈也,或不盈,或不盈,,又不盈,又不滿
47,2,淵旖,,,,,潚呵,淵呵,淵兮,淵乎,,淵似萬物之宗,淵兮
47,3,佁萬物之宗,,,,,始萬物之宗,佁萬物之宗,似萬物之宗,似萬物之宗,,,似萬物之宗
47,4,㭫其脱,,,,,銼其,銼亓兑,挫其鋭,挫其鋭,,挫其鋭,挫其鋭
47,5,解其紛,,,,,解其紛,解亓芬,解其紛,解其紛,,解其忿,解其紛
47,6,和其光,,,,,和其光,和亓光,和其光,和其光,,和其光,和其光
47,7,同其袗,,,,,同□□,同亓塵,同其塵,同其塵,,同其塵,同其塵
47,8,湛旖佁或存,,,,,□□□或存,湛呵佁或存,湛兮似或存,湛兮似若存,,湛似常存,湛兮似或存
47,9,吾不智其誰子,,,,,吾不知□子也,吾不知亓誰之子也,吾不知誰之子,吾不知誰之子,,吾不知誰子,吾不知誰之子
47,10,象帝之先,,,,,象帝之先,象帝之先,象帝之先,象帝之先,,象帝之先,象帝之先
47,11,,,,,,,,,,,,
48,0,天地不仁,,,,,天地不仁,天地不仁,天地不仁,天地不仁,,天地不仁,天地不仁
48,1,以萬物爲芻狗,,,,,以萬物爲芻狗,以萬物爲芻狗,以萬物爲芻狗,以萬物爲芻狗,,以萬物爲芻苟,以萬物爲芻狗
48,2,聖人不仁,,,,,聲人不仁,𦔻人不仁,聖人不仁,聖人不仁,,聖人不仁,聖人不仁
48,3,以百姓爲芻狗,,,,,以百省□□狗,□百姓爲芻狗,以百姓爲芻狗,以百姓爲芻狗,,以百姓爲芻苟,以百姓爲芻狗
48,4,天地之閒,天[陀土s]之[夕刀],天[陀土s]之[夕刀],,,天地□閒,天地之閒,天地之間,天地之間,,天地之間,天地之間
48,5,其猶橐籥虖,亓猷[囗乇q][𥫗吅隹s]與,亓猷[囗乇q][𥫗吅隹s]與,,,□猶橐籥輿,亓猷橐籥輿,其猶橐龠乎,其猶橐籥乎,,其猶橐蘥,其猶橐籥乎
48,6,虛而不屈,虛而不屈,虛而不屈,,,虛而不淈,虛而不淈,虛而不屈,虛而不屈,,虛而不屈,虛而不詘
48,7,動而揄出,[辶童b]而愈出,[辶童b]而愈出,,,蹱而俞出,勭而俞出,動而愈出,動而愈出,,動而愈出,動而俞出
48,8,多聞數[宀射s],,,,,多聞數[宀𨈕s],多聞數[宀𨈕s],多言數窮,多言數窮,,多言數窮,多言數窮
48,9,不若守於中,,,,,不若守於中,不若守於中,不如守中,不如守中,,不如守中,不如守中
48,10,,,,,,,,,,,,
49,0,谷神不死,,,,,浴神□死,浴神不死,谷神不死,谷神不死,,谷神不死,谷神不死
49,1,是謂玄,,,,,是胃玄,是胃玄,是謂玄牝,是謂玄牝,,是謂玄牝,是謂玄牝
49,2,牝=之門,,,,,牝=之門,牝=之門,玄牝之門,玄牝之門,,玄牝門,玄牝之門
49,3,是謂天地之根,,,,,是胃□地之根,是胃天地之根,是謂天地根,是謂天地根,,天地根,是謂天地之根
49,4,[𣐩系]虖若存,,,,,緜=呵若存,緜=呵亓若存,緜緜若存,綿綿若存,,綿綿若存,綿綿若存
49,5,用之不墐,,,,,用之不堇,用之不堇,用之不勤,用之不勤,,用之不勤,用之不勤
49,6,,,,,,,,,,,,
49,7,天長地久,,,,,天長地久,天長地久,天長地久,天長地久,,天長地久,天長地久
49,8,天地之所以能長且久者,,,,,天地之所以能□且久者,天地之所以能長且久者,天地所以能長且久者,天地所以能長且久者,,天地所以能長久者,天地所以能長且久者
49,9,以其不自生也,,,,,以其不自生也,以亓不自生也,以其不自生,以其不自生,,以其不自生,以其不自生
49,10,故能長生,,,,,故能長生,故能長生,故能長生,故能長生,,故能長久,故能長生
49,11,是以聖人後其身而身先,,,,,是以聲人芮其身而身先,是以𦔻人退亓身而身先,是以聖人後其身而身先,是以聖人後其身而身先,,是以聖人後其身而身先,是以聖人後其身而身先
49,12,,,,,,,外亓身而身先,,,,,
49,13,外其身而身存,,,,,外其身而身存,外亓身而身存,外其身而身存,外其身而身存,,外其身而身存,外其身而身存
49,14,不以其無私虖,,,,,不以其无□輿,不以亓无私輿,非以其無私邪,非以其無私邪（耶,,以其无尸,不以其無私邪
49,15,故能成其私,,,,,故能成其□,故能成亓私,故能成其私,故能成其私,,故能成其尸,故能成其私
49,16,,,,,,,,,,,,
50,0,上善如水,,,,,上善治水,上善如水,上善若水,上善若水,,上善若水,上善若水
50,1,善利萬物而有爭,,,,,善利萬物而有靜,善利萬物而有爭,水善利萬物而不爭,水善利萬物而不爭,,水善利萬物,水善利萬物而不争
50,2,,,,,,,,,,,又不爭,
50,3,眾人之所惡,,,,,居眾之所惡,居眾人之所亞,處眾人之所惡,處眾人之所惡,,處眾人之所惡,居眾人之所惡
50,4,故幾於道矣,,,,,故幾於道矣,故幾於道矣,故幾於道,故幾於道,,故幾於道,故幾於道矣
50,5,居善地,,,,,居善地,居善地,居善地,居善地,,居善地,居善地
50,6,心善淵,,,,,心善潚,心善淵,心善淵,心善淵,,心善淵,心善淵
50,7,予善天,,,,,予善信,予善天,與善仁,與善仁,,與善仁,與善人
50,8,言善信,,,,,,言善信,言善信,言善信,,言善信,言善信
50,9,正善治,,,,,正善治,正善治,正善治,正善治,,政善治,政善治
50,10,事善能,,,,,事善能,事善能,事善能,事善能,,事善能,事善能
50,11,動善時,,,,,蹱善時,勭善時,動善時,動善時,,動善時,動善時
50,12,夫唯不爭,,,,,夫唯不靜,夫唯不爭,夫唯不爭,夫唯不爭,,夫唯不爭,夫惟不爭
50,13,故無尤,,,,,故无尤,故无尤,故無尤,故無尤,,故无尤,故無尤矣
50,14,,,,,,,,,,,,
51,0,持而盈之,𣏔而浧之,𣏔而浧之,,,㨁而盈之,㨁而盈之,持而盈之,持而盈之,,持而滿之,持而盈之
51,1,不如其已,不不若已,不不若已,,,不□□□,不若亓已,不如其已,不如其已,,不若其已,不如其已
51,2,梪而允之,湍而羣之,湍而羣之,,,□□□之,𢵦而允之,揣而棁之,揣而鋭之,,揣而悅之,㪜而棁之
51,3,不可長葆,不可長保也,不可長保也,,,□可長葆之,不可長葆也,不可長保,不可長保,,不可長寳,不可長保
51,4,金玉盈室,金玉浧室,金玉浧室,,,金玉盈室,金玉□室,金玉滿堂,金玉滿堂,,金玉滿室,金玉滿室
51,5,莫能守,莫能獸也,莫能獸也,,,莫之守也,莫之能守也,莫之能守,莫之能守,,莫之能守,莫之能守
51,6,富貴而驕,貴福喬,貴福喬,,,貴富而䮦,貴富而驕,富貴而驕,富貴而驕,,富貴而驕,富貴而驕
51,7,自遺咎,自遺咎也,自遺咎也,,,自遺咎也,自遺咎也,自遺其咎,自遺其咎,,自遺咎,自遺其咎
51,8,功遂身退,攻述身退,攻述身退,,,功述身芮,功遂身退,功遂身退,功成,,名成,成名
51,9,,,,,,,,,名遂,,功遂,功遂
51,10,,,,,,,,,身退,,身退,身退
51,11,天之道也,天之道也,天之道也,,,天□□□,天之道也,天之道,天之道,,天之道,天之道
51,12,,,,,,,,,,,,
52,0,載熒魄抱一,,,,,□□□□□,戴營𥙃抱一,載營魄抱一,載營魄抱一,,載營魄抱一,載營魄袌一
52,1,能毋離虖,,,,,□□□□,能毋离乎,能無離乎,能無離,,能無離,能無離乎
52,2,槫氣致柔,,,,,□□□□,槫氣至柔,專氣致柔,專氣致柔,,專氣致柔,專氣致柔
52,3,能嬰兒虖,,,,,能嬰兒乎,能嬰兒乎,能嬰兒乎,能嬰兒,,能嬰兒,能如嬰兒乎
52,4,脩除玄鑑,,,,,脩除玄藍,脩除玄監,滌除玄覽,滌除玄覽,,滌除玄覽,滌除玄覽
52,5,能毋有疵虖,,,,,能毋疵乎,能毋有疵乎,能無疵乎,能無疵,,能无疵,能無疵乎
52,6,愛民沽國,,,,,愛□□□,愛民栝國,愛民治國,愛民治國,,愛民治國,愛民治國
52,7,能毋以智虖,,,,,□□□□□,能毋以知乎,能無知乎,能無知（爲,,而无知,能無以知乎
52,8,天門啟閉,,,,,□□□□,天門啟闔,天門開闔,天門開闔,,明白四達,天門開闔
52,9,能爲雌虖,,,,,□□□□,能爲雌乎,能無雌乎,能無（爲）雌,,而无爲,能爲雌乎
52,10,明白四達,,,,,□□□□,明白四達,明白四達,明白四達,,天地開闔,明白四達
52,11,能毋以智虖,,,,,□□□□□,能毋以知乎,能無爲乎,能無知,,而爲雌,能無以爲乎
52,12,故生之畜之,,,,,生之畜之,生之畜之,生之畜之,生之畜之,,生之畜之,生之畜之
52,13,生而弗有,,,,,生而弗□,生而弗有,生而不有,生而不有,,生而不有,生而不有
52,14,,,,,,,,爲而不恃,爲而不恃,,爲而不恃,爲而不恃
52,15,長而弗宰,,,,,□□□□,長而弗宰也,長而不宰,長而不宰,,長而不宰,長而不宰
52,16,是謂玄德,,,,,□□□德,是胃玄德,是謂玄德,是謂玄德,,是謂玄德,是謂玄德
52,17,,,,,,,,,,,,
53,0,卅輻同一轂,,,,,卅□□□□,卅楅同一轂,三十輻共一轂,三十輻共一轂,,卅輻共一轂,三十輻共一轂
53,1,當其無,,,,,□其无,當亓无,當其無,當其無,,當其无,當其無
53,2,有車之用也,,,,,□□之用□,有車之用也,有車之用,有車之用,,有車之用,有車之用
53,3,挻殖器,,,,,然埴爲器,𡑋埴而爲器,埏埴以爲器,埏埴以爲器,,埏埴爲器,埏埴以爲器
53,4,當其無,,,,,當其无,當亓无,當其無,當其無,,當其无,當其無
53,5,有殖器之用也,,,,,有埴器□□□,有埴器之用也,有器之用,有器之用,,有器之用,有器之用
53,6,鑿戶牖,,,,,□□□,鑿戶牖,鑿戶牖以爲室,鑿戶牖以爲室,,鑿戶牖以爲室,鑿戶牖以爲室
53,7,當其無,,,,,當其无,當亓无,當其無,當其無,,當其无,當其無
53,8,有室之用也,,,,,有□之用也,有室之用也,有室之用,有室之用,,有室之用,有室之用
53,9,故有之以爲利,,,,,故有之以爲利,故有之以爲利,故有之以爲利,故有之以爲利,,有之以爲利,故有之以爲利
53,10,無之以爲用,,,,,无之以爲用,无之以爲用,無之以爲用,無之以爲用,,无之以爲用,無之以爲用
53,11,,,,,,,,,,,,
54,0,五色令人目盳,,,,,五色使人目明,五色使人目盲,五色令人目盲,五色令人目盲,,五色令人目盲,五色令人目盲
54,1,敺騁田獵令人心發狂,,,,,馳騁田臘使人□□□,馳騁田臘使人心發狂,五音令人耳聾,五音令人耳聾,,五音令人耳聾,五音令人耳聾
54,2,難得之貨令人行方,,,,,難得之[𠊰貝s]使人之行方,難得之貨○使人之行仿,五味令人口爽,五味令人口爽,,五味令人口爽,五味令人口爽
54,3,五味令人之口爽,,,,,五味使人之口𠷹,五味使人之口爽,馳騁畋獵令人心發狂,馳騁田獵令人心發狂,,馳騁田獦令人心發狂,馳騁田獵令人心發狂
54,4,五音令人之耳聾,,,,,五音使人之耳聾,五音使人之耳□,難得之貨令人行妨,難得之貨令人行妨,,難得之貨令人行妨,難得之貨令人行妨
54,5,是以聖人爲腹不爲目,,,,,是以聲人之治也,是以𦔻人之治也,是以聖人爲腹不爲目,是以聖人爲腹不爲目,,是以聖人爲腹不爲目,是以聖人爲腹不爲目
54,6,,,,,,爲腹不□□,爲腹而不爲目,,,,,
54,7,故去被取此,,,,,故去罷耳此,故去彼而取此,故去彼取此,故去彼取此,,故去彼取此,故去彼取此
54,8,,,,,,,,,,,,
55,0,寵辱若□,𢤲辱若[䀠炏糸s],,𢤲辱若[䀠炏糸s],,龍辱若驚,弄辱若驚,寵辱若驚,寵辱若驚,,寵辱若驚,寵辱若驚
55,1,貴大患若身,貴大患若身,,貴大患若身,,貴大梡若身,貴大患若身,貴大患若身,貴大患若身,,貴大患若身,貴大患若身
55,2,何謂寵辱,可胃𢤲辱,,可胃𢤲辱,,苛胃龍辱若驚,何胃弄辱若驚,何謂寵辱若驚,何謂寵辱,,何謂寵辱爲下,何謂寵辱若驚
55,3,寵爲下,𢤲爲下也,,𢤲爲下也,,龍之爲下,弄之爲下也,寵爲下,寵爲上，〕@,,,寵爲下
55,4,,,,,,,,,辱爲下,,,
55,5,是謂寵辱,,,,,,,,,,,
55,6,得之若[馬敬],[貝寸s]之若[䀠炏糸s],,[貝寸s]之若[䀠炏糸s],,得之若驚,得之若驚,得之若驚,得之若驚,,得之若驚,得之若驚
55,7,失之若[馬敬],[遊#子羊=]之若[䀠炏糸s],,[遊#子羊=]之若[䀠炏糸s],,失□若驚,失之若驚,失之若驚,失之若驚,,失之若驚,失之若驚
55,8,是謂寵辱若[馬敬],是胃𢤲辱[䀠炏糸s],,是胃𢤲辱[䀠炏糸s],,是胃龍辱若驚,是胃弄辱若驚,是謂寵辱若驚,是謂寵辱若驚,,是謂寵辱若驚,是謂寵辱若驚
55,9,何謂貴大患若身,□□□□□若身,,□□□□□若身,,何胃貴大梡若身,何胃貴大患若身,何謂貴大患若身,何謂貴大患若身,,何謂貴大患若身,何謂貴大患若身
55,10,吾所以有大患者,𫊟所以又大患者,,𫊟所以又大患者,,吾所以有大梡者,吾所以有大患者,吾所以有大患者,吾所以有大患者,,吾所以有大患,吾所以有大患者
55,11,爲吾有身,爲𫊟又身,,爲𫊟又身,,爲吾有身也,爲吾有身也,爲吾有身,爲吾有身,,爲我有身,爲吾有身
55,12,及吾無身,﨤𫊟亡身,,﨤𫊟亡身,,及吾无身,及吾無身,及吾無身,及吾無身,,及我无身,苟吾無身
55,13,吾有何患,或可□,,或可□,,有何梡,有何患,吾有何患,吾有何患,,吾有何患,吾有何患乎
55,14,故貴以身爲天下,□□□□□爲天下,,□□□□□爲天下,,故貴爲身於爲天下,故貴爲身於爲天下,故貴以身爲天下,故貴以身爲天下者,,故貴以身於天下,故貴以身爲天下者
55,15,若可以橐天下,若可以厇天下矣,,若可以厇天下矣,,若可以𨒙天下矣,若可以橐天下□,若可寄天下,則可寄於天下,,若可託天下；〕@,則可以託天下矣
55,16,愛以身爲天下,㤅以身爲天下,,㤅以身爲天下,,愛以身爲天下,愛以身爲天下,愛以身爲天下,愛以身爲天下者,,愛以身爲天下,愛以身爲天下者
55,17,若可以寄天下,若可以迲天下矣,,若可以迲天下矣,,女可以寄天下,女可以寄天下矣,若可託天下,乃可以託於天下,,若可寄天下,則可以寄天下矣
55,18,,,,,,,,,,,,
56,0,視而弗見,,,,,視之而弗見,視之而弗見,視之不見名曰夷,視之不見名曰夷,,視之不見名曰夷,視之不見名曰夷
56,1,命之曰夷,,,,,名之曰[微耳s],□之曰微,,,,,
56,2,聽而弗聞,,,,,聽之而弗聞,聽之而弗聞,聽之不聞名曰希,聽之不聞名曰希,,聽之不聞名曰希,聽之不聞名曰希
56,3,命之曰希,,,,,名之曰希,命之曰希,,,,,
56,4,搏而弗得,,,,,捪之而弗得,○捪之而弗得,搏之不得名曰微,搏之不得名曰微,,博之不得名曰微,搏之不得名曰微
56,5,命之曰微,,,,,名之曰夷,命之曰夷,,,,,
56,6,參也,,,,,三者不可至計,三者不可至計,此三者不可致詰,此三者不可致詰,,此三者不可致詰,此三者不可致詰
56,7,不可致計,,,,,,,,,,,
56,8,故運而爲一,,,,,故𡇯□□□,故𦀲而爲一,故混而爲一,故混而爲一,,故混而爲一,故混而爲一
56,9,參也,,,,,者，`逗號斷句,者，`逗號斷句,,,,,一者
56,10,其上不杲,,,,,其上不攸,亓上不謬,其上不皦,其上不皦,,其上不曒,其上之不皦
56,11,其下不没,,,,,其下不𢗘,亓下不𢗘,其下不昧,其下不昧,,其下不忽,其下之不昧
56,12,台=微,,,,,尋=呵,尋=呵,繩繩不可名,繩繩不可名,,蠅蠅不可名,繩繩兮不可名
56,13,不可命,,,,,不可名也,不可命也,,,,,
56,14,復歸於無物,,,,,復歸於无物,復歸於无物,復歸於無物,復歸於無物,,復歸於无物,復歸於無物
56,15,是謂無狀之狀,,,,,是胃无狀之狀,是胃无狀之狀,是謂無狀之狀,是爲無狀之狀,,是无狀之狀,是謂無狀之狀
56,16,無物之象,,,,,无物之□,无物之象,無物之象,無物之象,,无物之像,無物之象
56,17,是謂没芒,,,,,□□□□,是胃沕朢,是謂惚恍,是謂忽恍,,是謂惚慌,是謂芴芒
56,18,隨而不見其後,,,,,□□□□□□,隋而不見亓後,迎之不見其首,迎之不見其首,,迎不見其首,迎之不見其首
56,19,迎而不見其首,,,,,□而不見其首,迎而不見亓首,隨之不見其後,隨之不見其後,,隨不見其後,隨之不見其後
56,20,執古之道,,,,,執今之道,執今之道,執古之道,執古之道,,執古之道,執古之道
56,21,以御今之有,,,,,以御今之有,以御今之有,以御今之有,以御今之有,,以御今之有,可以御今之有
56,22,以智古以,,,,,以知古始,以知古始,能知古始,以知古始,,以知古始,能知古始
56,23,是謂道紀,,,,,是胃□□,是胃道紀,是謂道紀,是謂道紀,,是謂道紀,是謂道紀
56,24,,,,,,,,,,,,
57,0,古之爲士者,古之善爲士者,古之善爲士者,,,□□□□□□,古之□爲道者,古之善爲士者,古之善爲士者,,古之善爲士者,古之善爲道者
57,1,微眇玄達,必非溺玄達,必非溺玄達,,,□□□□,微眇玄達,微妙玄通,微妙玄通,,微妙玄通,微妙玄通
57,2,深不可識,深不可志,深不可志,,,深不可志,深不可志,深不可識,深不可識,,深不可識,深不可識
57,3,夫唯不可識,,,,,夫唯不可志,夫唯不可志,夫唯不可識,夫唯不可識,,夫唯不可識,夫惟不可識
57,4,故强爲之頌曰,是以爲之頌,是以爲之頌,,,故强爲之容曰,故强爲之容曰,故强爲之容,故强爲之容,,故彊爲之容,故彊爲之容曰
57,5,就虖其如冬涉水,夜[虎口b]□奴冬涉川,夜[虎口b]□奴冬涉川,,,與呵其若冬□□,與呵亓若冬涉水,豫焉若冬涉川,與兮若冬涉川,,豫若冬涉川,豫兮若冬涉川
57,6,猶虖其如畏四鄰,猷[虎口b]亓奴愄四𠳵,猷[虎口b]亓奴愄四𠳵,,,□□□□畏四□,猷呵亓若畏四𠳵,猶兮若畏四鄰,猶兮若畏四隣,,猶若畏四鄰,猶兮若畏四鄰
57,7,嚴虖其如客,敢[虎口b]亓奴客,敢[虎口b]亓奴客,,,□呵其若客,嚴呵亓若客,儼兮其若容,儼兮其若客,,儼若客,儼若客
57,8,渙虖其如冰之澤,[((見袁)止s)][虎口b]亓奴懌,[((見袁)止s)][虎口b]亓奴懌,,,渙呵其若淩澤,渙呵亓若淩澤,渙兮若冰之將釋,渙兮若冰之將釋,,散若冰將汋,渙若冰將釋
57,9,杶虖其如樸,屯[虎口b]亓奴[(木(菐臣s)z)],屯[虎口b]亓奴[(木(菐臣s)z)],,,□呵其若楃,沌呵亓若樸,敦兮其若樸,敦兮其若朴,,混若樸,敦兮其若樸
57,10,沌虖其如濁,坉[虎口b]亓奴濁,坉[虎口b]亓奴濁,,,湷□□□□,湷呵亓若濁,曠兮其若谷,曠兮其若谷,,曠若谷,曠兮其若谷
57,11,廣虖其如浴,,,,,□□□若浴,𣼥呵亓若浴,混兮其若濁,渾兮其若濁,,肫若濁,混兮其若濁
57,12,孰能濁以靜之,竺能濁以束者,竺能濁以束者,,,濁而情之余清,濁而靜之徐清,孰能濁以靜之,孰能濁以〔止〕靜之,,濁以靜之徐清,孰能濁以澄靖之而徐清
57,13,徐清,𨟻舍清,𨟻舍清,,,,,徐清,徐清,,,
57,14,孰能安以動之,竺能庀以迬者,竺能庀以迬者,,,女以重之余生,女以重之徐生,孰能安以久動之,孰能安以久動之,,安以動之徐生,孰能安以久動之而徐生
57,15,徐生,𨟻舍生,𨟻舍生,,,,,徐生,徐生,,,
57,16,抱此道者不欲盈,保此𧗟者不谷[尚立s]呈,保此𧗟者不谷[尚立s]呈,,,葆此道不欲盈,葆此道□□欲盈,保此道者不欲盈,保此道者不欲盈,,保此道者不欲盈,保此道者不欲盈
57,17,夫唯不盈,,,,,夫唯不欲□,,夫唯不盈,夫唯不盈,,夫唯不盈,夫惟不盈
57,18,是以能敝不成,,,,,□以能□□□成,是以能𧝬而不成,故能蔽不新成,故能蔽不新成,,能弊復成,是以能敝而不成
57,19,,,,,,,,,,,,
58,0,至虛,至虛,至虛,,,至虛,至虛,致虛,至虛,,致虛,致虛
58,1,極,亙也,亙也,,,極也,極也,極,極,,極,極
58,2,積正,獸中,獸中,,,守情,守靜,守靜,守靜,,守靜,守靖
58,3,督,䈞也,䈞也,,,表也,督也,篤,篤,,篤,篤
58,4,萬物竝作,萬勿方[乍又s],萬勿方[乍又s],,,萬物旁作,萬物旁作,萬物並作,萬物並作,,萬物並作,萬物並作
58,5,吾以觀其復,居以須[辶复b]也,居以須[辶复b]也,,,吾以觀其復也,吾以觀亓復也,吾以觀復,吾以觀其復,,吾以觀其復,吾以觀其復
58,6,天物云,天道員,天道員,,,天物雲,天物𥘟,夫物芸芸,夫物芸芸,,夫物云云,凡物𧶊𧶊
58,7,各復歸其根,各[辶复b]亓堇,各[辶复b]亓堇,,,各復歸於其□,各復歸於亓根,各復歸其根,各復歸其根,,各歸其根,各歸其根
58,8,曰靜,,,,,□□,曰靜,歸根曰靜,歸根曰靜,,歸根曰靜,歸根曰靖
58,9,曰復,,,,,是胃復,是胃復,是謂復命,是謂（靜曰）復命,,靜曰復命,靖曰復命
58,10,命,,,,,命,命,復命曰常,復命曰常,,復命曰常,復命曰常
58,11,常也,,,,,常也,常也,,,,,
58,12,智常,,,,,知常,知常,知常曰明,知常曰明,,知常明,知常曰明
58,13,明也,,,,,明也,明也,,,,,
58,14,不智常,,,,,不知常,不知常,不知常,不知常,,不知常,不知常
58,15,忘作,,,,,㠵=作,芒=作,妄作,萎（妄）作,,妄作,妄作
58,16,兇,,,,,兇,凶,凶,凶,,凶,凶
58,17,智常曰容,,,,,知常容,知常容,知常容,知常容,,知常容,知常容
58,18,乃公,,,,,乃公,乃公,容乃公,容乃公,,容能公,容乃公
58,19,乃王,,,,,乃王,乃王,公乃王,公乃王,,公能生,公乃王
58,20,乃天,,,,,乃天,□*天,王乃天,王乃天,,生能天,王乃天
58,21,乃道,,,,,乃道,乃道,天乃道,天乃道,,天能道,天乃道
58,22,乃久,,,,,□□□,乃*,道乃久,道乃久,,道能久,道乃久
58,23,没而不殆,,,,,沕身不怠,没身不殆,没身不殆,没身不殆,,没身不殆,没身不殆
58,24,,,,,,,,,,,,
59,0,大上,大上,,,大上,大上,大上,太上,太上,,太上,太上
59,1,下智有之,下智又之,,,下智又之,下知有之,下知又□,下知有之,下知有之,,下知有之,下知有之
59,2,其次,亓即,,,亓即,其次,亓□,其次,其次,,其次,其次
59,3,親譽之,[((木辛s)斤z)]譽之,,,[((木辛s)斤z)]譽之,親譽之,親譽之,親而譽之,親之譽之,,親之譽之,親之
59,4,,,,,,,,,,,,其次
59,5,,,,,,,,,,,,譽之
59,6,其次,亓既,,,亓既,其次,亓次,其次,其次,,其次,其次
59,7,畏之,愧之,,,愧之,畏之,畏之,畏之,畏之,,畏之,畏之
59,8,其下,亓即,,,亓即,其下,亓下,其次,其次,,其次,其次
59,9,母之,[矛人s]之,,,[矛人s]之,母之,母之,侮之,侮之,,侮之,侮之
59,10,信不足,[言身]不足,,,[言身]不足,信不足,信不足,信不足,信不足焉,,信不足,故信不足
59,11,安有不信,安有不[言身],,,安有不[言身],案有不信,安有不信,焉有不信焉,有不信焉。〕@,,有不信,焉有不信
59,12,猶虖其貴言,猷[虎口b]亓貴言也,,,猷[虎口b]亓貴言也,□□其貴言也,猷呵亓貴言也,悠兮其貴言,猶兮其貴言,,猶其貴言,猶兮其貴言哉
59,13,成功遂事,成事述[礻工],,,成事述[礻工],成功遂事,成功遂事,功成事遂,功成事遂,,成功事遂,功成事遂
59,14,百姓曰我自然,而百眚曰我自肰也,,,而百眚曰我自肰也,而百省胃我自然,而百姓胃我自然,百姓皆謂我自然,百姓皆謂我自然,,百姓謂我自然,百姓皆曰我自然
59,15,,,,,,,,,,,,
59,16,故大道廢,古大道癹,,,古大道癹,故大道廢,故大道廢,大道廢,大道廢,,大道廢,大道廢
59,17,安有仁義,安又[身心s]義,,,安又[身心s]義,案有仁義,安有仁義,有仁義,有仁義,,有仁義,焉有仁義
59,18,智慧出,,,,,知快岀,知慧出,慧智出,智惠（慧）出,,智慧出,智慧岀
59,19,安有大偽,,,,,案有大偽,安有□□,有大偽,有大偽,,有大偽,焉有大偽
59,20,六親不和,六[((木辛s)斤z)]不和,,,六[((木辛s)斤z)]不和,六親不和,六親不和,六親不和,六親不和,,六親不和,六親不和
59,21,安有孝茲,安又孝孳,,,安又孝孳,案有畜茲,安又孝茲,有孝慈,有孝慈,,有孝慈,有孝慈
59,22,國家捪亂,邦𧱌緍亂,,,邦𧱌緍亂,邦家𨴽乳,國家𨴽[爫乚],國家昏亂,國家昏亂,,國家昏亂,國家昏亂
59,23,安有貞臣,安又正臣,,,安又正臣,案有貞臣,安有貞臣,有忠臣,有忠臣,,有忠臣,有貞臣
59,24,,,,,,,,,,,,
59,25,絶聖棄智,[㡭#𢆶厶=𢆶厶=]智弃[卞又s],[㡭#𢆶厶=𢆶厶=]智弃[卞又s],,,絶聲棄知,絶𦔻棄知,絶聖棄智,絶聖棄智,,絶聖棄知,絶聖棄知
59,26,民利百倍,民利百伓,民利百伓,,,民利百負,而民利百倍,民利百倍,民利百倍,,民利百倍,民利百倍
59,27,絶仁棄義,[㡭#𢆶厶=𢆶厶=]攷弃利,[㡭#𢆶厶=𢆶厶=]攷弃利,,,絶仁棄義,絶仁棄義,絶仁棄義,絶仁棄義,,絶仁棄義,絶仁棄義
59,28,民復孝茲,覜惻亡又,覜惻亡又,,,民復畜茲,而民復孝茲,民復孝慈,民復孝慈,,民復孝慈,民復孝慈
59,29,絶巧棄利,[㡭#𢆶厶=𢆶厶=][忄為]弃[虘心b],[㡭#𢆶厶=𢆶厶=][忄為]弃[虘心b],,,絶巧棄利,絶巧棄利,絶巧棄利,絶巧棄利,,絶巧棄利,絶巧棄利
59,30,盜賊無有,民复季子,民复季子,,,盜賊无有,盜賊无有,盜賊無有,盜賊無有,,盜賊无有,盜賊無有
59,31,此參言以爲文未足,三言以爲[卜曰又s]不足,三言以爲[卜曰又s]不足,,,此三言也,此三言也,此三者以爲文不足,此三者以爲文不足,,此三言爲文未足,此三者以爲文而未足也
59,32,,,,,,以爲文未足,以爲文未足,,,,,
59,33,故令之有所屬,或命之或[虎口b]豆,或命之或[虎口b]豆,,,故令之有所屬,故令之有所屬,故令有所屬,故令有所屬,,故令有所屬,故令有所屬
59,34,見素抱樸,視索保[𦣞菐],視索保[𦣞菐],,,見素抱□,見素抱樸,見素抱樸,見素抱樸,,見素抱樸,見素袌朴
59,35,少私寡欲,少厶[氺#亅頁=]欲,少厶[氺#亅頁=]欲,,,□□□□,少□而寡欲,少私寡欲,少私寡欲,,少私寡欲,少私寡欲
59,36,,,,,,,,,,,,
60,0,絶學無憂,㡭學亡𢝊,,㡭學亡𢝊,,□□□□,絶學无憂,絶學無憂,絶學無憂,,絶學无憂,絶學無憂
60,1,唯與何,隹與可,,隹與可,,唯與訶,唯與呵,唯之與阿,唯之與阿,,唯之與何,唯之與阿
60,2,其相去幾何,相去幾可,,相去幾可,,其相去幾何,亓相去幾何,相去幾何,相去幾何,,相去幾何,相去幾何
60,3,美與惡,𡵂牙亞,,𡵂牙亞,,美與惡,美與亞,善之與惡,善之與惡,,美之與惡,美之與惡
60,4,其相去何若,相去可若,,相去可若,,其相去何若,亓相去何若,相去若何,相去何若,,相去何若,相去何若
60,5,人之所畏,人之所[礻鬼],,人之所[礻鬼],,人之□□,人之所畏,人之所畏,人之所畏,,人之所畏,人之所畏
60,6,不可以不畏人,亦不可以不[礻鬼]人,,亦不可以不[礻鬼]人,,亦不□□□□,亦不可以不畏人,不可不畏,不可不畏,,不可不畏,不可不畏
60,7,芒虖,,,,,□□,朢呵,荒兮,荒兮,,,荒兮
60,8,未央哉,,,,,□□□□,亓未央才,其未央哉,其未央哉,,莽其未央,其未央
60,9,眾人巸,,,,,眾人巸,眾人巸,眾人熙熙,眾人熙熙,,眾人熙熙,眾人熙熙
60,10,若鄉大牢,,,,,若鄉於大牢,若鄉於大牢,如享太牢,如享太牢,,若亨大牢,若享太牢
60,11,而萅登臺,,,,,而春登臺,而春登臺,如春登臺,如春登臺,,若春登臺,若春登臺
60,12,我𥙃旖未佻,,,,,我泊焉未佻,我博焉未垗,我獨泊兮其未兆,我獨怕兮其未兆,,我魄未兆,我獨魄兮其未兆
60,13,若嬰兒之未䀭,,,,,若□□□□,若嬰兒未咳,如嬰兒之未孩,如孾（嬰）兒之未孩,,若嬰兒未孩,若嬰兒之未咳
60,14,絫旖,,,,,纍呵,纍呵,儽儽兮,乘乘兮,,鬿無所歸,儡儡兮
60,15,台無所歸,,,,,如□□□,佁无所歸,若無所歸,若無所歸,,,其不足以無所歸
60,16,眾人皆有餘,,,,,□□皆有餘,眾人皆又余,眾人皆有餘,眾人皆有餘,,眾人皆有餘,眾人皆有餘
60,17,而我蜀遺,,,,,我獨遺,,而我獨若遺,而我獨若遺,,我獨若遺,我獨若遺
60,18,我愚人之心也,,,,,我禺人之心也,我愚人之心也,我愚人之心也哉,我愚人之心也哉,,我愚人之心純,我愚人之心也哉
60,19,屯=虖,,,,,惷=呵,湷=呵,沌沌兮,沌沌兮,,,沌沌兮
60,20,猷人昭,,,,,鬻□□□,鬻人昭,俗人昭昭,俗人昭昭,,俗人照照,俗人皆昭昭
60,21,我蜀若昏,,,,,□□□[問#口肙=]呵,我獨若𨴽呵,我獨昏昏,我獨若昬,,我獨若昏,我獨若昏
60,22,猷人計,,,,,鬻人蔡,鬻人察,俗人察察,俗人察察,,俗人察察,俗人皆詧詧
60,23,我獨昏,,,,,我獨𨴽=呵,我獨閩=呵,我獨悶悶,我獨悶悶,,我獨悶悶,我獨若閔閔
60,24,没旖，`如何斷句,,,,,𢗘呵其若□,沕呵亓若海,澹兮其若海,忽兮若海,,忽若晦,淡兮其若海
60,25,其如晦,,,,,,,,,,,
60,26,芒旖，`如何斷句,,,,,[𢼧王s]呵其若無所止,朢呵若无所止,飂兮若無止,漂兮若無所止,,寂無所止,飄兮似無所止
60,27,其無所止,,,,,,,,,,,
60,28,眾人皆有以,,,,,□□□□□,眾人皆有以,眾人皆有以,眾人皆有以,,眾人皆有已,眾人皆有以
60,29,而我獨抏以鄙,,,,,□□□以悝,我獨䦎以鄙,而我獨頑似鄙,而我獨頑似鄙,,我獨頑以鄙,我獨頑且圖
60,30,我欲獨異於人,,,,,吾欲獨異於人,吾欲獨異於人,我獨異於人,我獨異於人,,我欲異於人,吾獨欲異於人
60,31,而唯貴食母,,,,,而貴食母,而貴食母,而貴食母,而貴食母,,而貴食母,而貴食母
60,32,,,,,,,,,,,,
61,0,孔德之容,,,,,孔德之容,孔德之容,孔德之容,孔德之容,,孔德之容,孔德之容
61,1,唯道是從,,,,,唯道是從,唯道是從,惟道是從,唯道是從,,唯道是從,惟道是從
61,2,道之物,,,,,道之物,道之物,道之爲物,道之爲物,,道之爲物,道之爲物
61,3,唯[言亡]唯没,,,,,唯[𢼧王s]唯𢗘,唯朢唯沕,惟恍惟惚,唯怳唯忽,,唯慌唯惚,惟芒惟芴
61,4,旖[言亡]旖,,,,,□□□呵,呵朢呵,惚兮恍兮,忽兮怳兮,,慌惚中有物,芴兮芒兮
61,5,其中有象旖,,,,,中有象呵,中又象呵,其中有象,其中有象,,,其中有象
61,6,[言亡]旖没旖,,,,,[𢼧王s]呵𢗘呵,朢呵沕呵,恍兮惚兮,怳兮忽兮,,惚慌中有像,芒兮芴兮
61,7,其中有物旖,,,,,中有物呵,中有物呵,其中有物,其中有物,,,其中有物
61,8,幽旖冥旖,,,,,[(氵(幽子s)z)]呵鳴呵,幼呵冥呵,窈兮冥兮,窈兮冥兮,,窈冥中有精,幽兮冥兮
61,9,其中有請旖,,,,,中有請吔,亓中有請呵,其中有精,其中有精,,,其中有精
61,10,其請甚真,,,,,其請甚真,亓請甚真,其精甚真,其精甚真,,其精甚真,其精甚真
61,11,其中有信,,,,,其中□□,亓中有信,其中有信,其中有信,,其中有信,其中有信
61,12,自今及古,,,,,自今及古,自今及古,自古及今,自古及今,,自古及今,自今及古
61,13,其名不去,,,,,其名不去,亓名不去,其名不去,其名不去,,其名不去,其名不去
61,14,以說眾父,,,,,以順眾𠇑,以順眾父,以閱眾甫,以閱眾甫,,以閱終甫,以閱眾甫
61,15,吾何以知眾父之然哉,,,,,吾何以知眾𠇑之然,吾何以知眾父之然也,吾何以知眾甫之狀哉,吾何以知眾甫之然哉,,吾何以知終甫之然,吾奚以知眾甫之然哉
61,16,以此,,,,,以此,以此,以此,以此,,以此,以此
61,17,,,,,,,,,,,,
62,0,曲則全,,,,,曲則金*,曲則全,曲則全,曲則全,,曲則全,曲則全
62,1,枉則正,,,,,枉則定,汪則正,枉則直,枉則直,,枉則正,枉則正
62,2,洼則盈,,,,,洼則盈,洼則盈,窪則盈,窪則盈,,窐則盈,窪則盈
62,3,敝則新,,,,,敝則新,𧝬則新,敝則新,弊則新,,弊則新,敝則新
62,4,少則得,,,,,少則得,少則得,少則得,少則得,,少則得,少則得
62,5,多則或,,,,,多則惑,多則惑,多則惑,多則惑,,多則或,多則惑
62,6,是以聖人執一以爲天下牧,,,,,是以聲人執一以爲天下牧,是以𦔻人執一以爲天下牧,是以聖人抱一爲天下式,是以聖人抱一爲天下式,,是以聖人抱一爲天下式,聖人袌一以爲天下式
62,7,不自見故明,,,,,不□視故明,不自視故章,不自見故明,不自見故明,,不自是故章,不自見故明
62,8,不自視故章,,,,,不自見故章,不自見也故明,不自是故彰,不自是故彰,,不自見故明,不自是故彰
62,9,不自發故有功,,,,,不自伐故有功,不自伐故有功,不自伐故有功,不自伐故有功,,不自伐故有功,不自伐故有功
62,10,弗矜故長,,,,,弗矜故能長,弗矜故能長,不自矜故長,不自矜故長,,不自矜故長,不自矜故長
62,11,夫唯無爭,,,,,夫唯不爭,夫唯不爭,夫唯不爭,夫唯不爭,,夫唯不爭,夫惟不争
62,12,故天下莫能與之爭,,,,,故莫能與之爭,故莫能與之爭,故天下莫能與之爭,故天下莫能與之爭,,故莫能與爭,故天下莫能與之争
62,13,古之所謂曲全者,,,,,古□□□□□□,古之所胃曲全者,古之所謂曲則全者,古之所謂曲則全者,,古之所謂曲則全,古之所謂曲則全者
62,14,幾語邪,,,,,□語才,幾語才,豈虛言哉,豈虛言哉,,豈虛語,豈虛言也哉
62,15,誠全歸之也,,,,,誠金*歸之,誠全歸之,誠全而歸之,誠全而歸之,,故成全而歸之,誠全而歸之
62,16,,,,,,,,,,,,
63,0,希言自然,,,,,希言自然,希言自然,希言自然,希言自然,,希言自然,稀言自然
63,1,故剽風不終朝,,,,,飄風不冬朝,𠠕風不冬朝,故飄風不終朝,飄風不終朝,,飄風不終朝,故飄風不崇朝
63,2,趨雨不終日,,,,,暴雨不冬日,暴雨不冬日,驟雨不終日,驟雨不終日,,趍雨不終日,驟雨不崇日
63,3,孰爲此,,,,,孰爲此,孰爲此,孰爲此者,孰爲此者,,孰爲此,孰爲此者
63,4,,,,,,,,天地,天地,,天地,天地也
63,5,天地弗能久,,,,,天地□□□□,天地而弗能久,天地尚不能久,天地尚不能久,,天地尚不能久,天地尚不能久
63,6,而兄於人虖,,,,,□□於人乎,有兄於人乎,而況於人乎,而況於人乎,,而況於人,而況於人乎
63,7,故從事而道者同於道,,,,,故從事而道者同於道,故從事而道者同於道,故從事於道者,故從事於道者,,,故從事於道者
63,8,,,,,,,,道者同於道,道者同於道,,,道者同於道
63,9,,,,,,,,,,,,從事於得者
63,10,得者同於德,,,,,德者同於德,德者同於德,德者同於德,德者同於德,,,得者同於得
63,11,,,,,,,,,,,,從事於失者
63,12,失者同於失,,,,,者*者同於失,失者同於失,失者同於失,失者同於失,,,失者同於失
63,13,故同於道者,,,,,,,同於道者,同於道者,,故從事而道得之,於道者
63,14,道亦得之,,,,,,,道亦樂得之,道亦樂得之,,,道亦得之
63,15,,,,,,同於德□,同於德者,同於德者,同於德者,,同於德者德得之,於得者
63,16,,,,,,道亦德之,道亦德之,德亦樂得之,德亦樂得之,,,得亦得之
63,17,同於失者,,,,,同於□者,同於失者,同於失者,同於失者,,同於失者道失之,於失者
63,18,道亦失之,,,,,道亦失之,道亦失之,失亦樂得之,失亦樂失（得）之,,,失亦得之
63,19,信不足,,,,,,,信不足,信不足焉,,信不足,信不足
63,20,安有不信,,,,,,,焉有不信焉,有不信焉,,有不信,焉有不信
63,21,,,,,,,,,,,,
64,0,炊者不立,,,,,炊者不立,炊者不立,企者不立,跂者不立,,喘者不久,企者不立
64,1,,,,,,,,跨者不行,跨者不行,,跨者不行,跨者不行
64,2,自見者不明,,,,,自視不章,自視者不章,自見者不明,自見者不明,,自見不明,自見者不明
64,3,自視者不章,,,,,□見者不明,自見者不明,自是者不彰,自是者不彰,,自是不彰,自是者不彰
64,4,自發者無功,,,,,自伐者无功,自伐者无功,自伐者無功,自伐者無功,,自饒無功,自伐者無功
64,5,矜者不長,,,,,自矜者不長,自矜者不長,自矜者不長,自矜者不長,,自矜不長,自矜者不長
64,6,其在道也,,,,,其在道,亓在道也,其在道也,其於道也,,其在道,其在道也
64,7,斜食叕行,,,,,曰𥺌食贅行,曰𥺌食贅行,曰餘食贅行,曰餘食贅行,,曰餘食餟行,曰餘食贅行
64,8,物或惡之,,,,,物或惡之,物或亞之,物或惡之,物或惡之,,物有惡之,物或惡之
64,9,故有欲者弗居,,,,,故有欲者□居,故有欲者弗居,故有道者不處,故有道者不處也,,故有道不處,故有道者不處也
64,10,,,,,,,,,,,,
65,0,有物綸成,又[(爿(頁#八-)z)]蟲成,又[(爿(頁#八-)z)]蟲成,,,有物昆成,有物昆成,有物混成,有物混成,,有物混成,有物混成
65,1,先天地生,先天[陀土s]生,先天[陀土s]生,,,先天地生,先天地生,先天地生,先天地生,,先天地生,先天地生
65,2,肅覺,敓[糹穆],敓[糹穆],,,繡呵繆呵,蕭呵漻呵,寂兮寥兮,寂兮寥兮,,寂漠,寂兮寞兮
65,3,獨立而不[犭亥],蜀立不亥,蜀立不亥,,,獨立□□□,獨立而不𪻞,獨立不改,獨立而不改,,獨立不改,獨立而不改
65,4,偏行而不殆,,,,,,,周行而不殆,周行而不殆,,周行不殆,周行而不殆
65,5,可以爲天地母,可以爲天下母,可以爲天下母,,,可以爲天地母,可以爲天地母,可以爲天下母,可以爲天下母,,可以爲天下母,可以爲天下母
65,6,吾不智其名,未智亓明,未智亓明,,,吾未知其名,吾未知亓名也,吾不知其名,吾不知其名,,吾不知其名,吾不知其名
65,7,其字曰道,𪪋之曰道,𪪋之曰道,,,字之曰道,字之曰道,字之曰道,字之曰道,,字之曰道,故彊字之曰道
65,8,吾强爲之名曰大,𫊟[(弓(𠮡力s)z)]爲之明曰大,𫊟[(弓(𠮡力s)z)]爲之明曰大,,,吾强爲之名曰大,吾强爲之名曰大,强爲之名曰大,强爲之名曰大,,吾强爲之名曰大,彊爲之名曰大
65,9,曰慸,曰[(氵(立𠂤s)(欠臼s)z)],曰[(氵(立𠂤s)(欠臼s)z)],,,□曰筮,曰筮,大曰逝,大曰逝,,大曰逝,大曰逝
65,10,曰遠,曰[惠#心辶=],曰[惠#心辶=],,,曰□,曰遠,逝曰遠,逝曰遠,,逝曰遠,逝曰遠
65,11,曰反,曰反,曰反,,,□□□,曰反,遠曰反,遠曰反,,遠曰反,遠曰返
65,12,天大,天大,天大,,,□□,道大,故道大,故道大,,道大,道大
65,13,地大,[陀土s]大,[陀土s]大,,,天大,天大,天大,天大,,天大,天大
65,14,道大,道大,道大,,,地大,地大,地大,地大,,地大,地大
65,15,王亦大,王亦大,王亦大,,,王亦大,王亦大,王亦大,王亦大,,生大,人亦大
65,16,或中有四大,[囗右q]中又四大安,[囗右q]中又四大安,,,國中有四大,國中有四大,域中有四大,域中有四大,,域中有四大,域中有四大
65,17,而王居一焉,王凥一安,王凥一安,,,而王居一焉,而王居一焉,而王居其一焉,而王居其一焉,,而生處一,而王處其一尊
65,18,人灋地,人灋[陀土s],人灋[陀土s],,,人法地,人法地,人法地,人法地,,人法地,人法地
65,19,灋天,灋天,灋天,,,□法□,法天,地法天,地法天,,地法天,地法天
65,20,灋道,灋道,灋道,,,法□,法道,天法道,天法道,,天法道,天法道
65,21,灋自然,灋自肰,灋自肰,,,□法□□,法自然,道法自然,道法自然,,道法自然,道法自然
65,22,,,,,,,,,,,,
66,0,重爲輕根,,,,,□爲巠根,重爲輕根,重爲輕根,重爲輕根,,重爲輕根,重爲輕根
66,1,靜爲趮君,,,,,清爲趮君,靜爲趮君,靜爲躁君,靜爲躁君,,靜爲躁君,靖爲躁君
66,2,是以君子冬日行,,,,,是以君子眾日行,是以君子冬日行,是以聖人終日行,是以聖人終日行,,是以君子終日行,是以君子終日行
66,3,而不遠其輜重,,,,,不蘺其甾重,不遠亓甾重,不離輜重,不離輜重,,不離輜重,不離其輜重
66,4,唯有榮館,,,,,唯有環官,雖有環官,雖有榮觀,雖有榮觀,,雖有榮觀,雖有榮觀
66,5,燕處超若,,,,,燕處□□若,燕處則昭若,燕處超然,燕處超然,,燕處超然,宴處超然
66,6,奈何萬乘之王,,,,,何萬乘之王,何萬乘之王,奈何萬乘之主,奈何萬乘之主,,如何萬乘之主以身輕天下,如之何萬乘之主
66,7,而以身輕於天下,,,,,而以身巠於天下,而以身輕於天下,而以身輕天下,而以身輕天下,,,而以身輕天下
66,8,輕則失本,,,,,巠則失本,輕則失本,輕則失本,輕則失臣,,輕則失本,輕則失本
66,9,趮則失君,,,,,趮則失君,趮則失君,躁則失君,躁則失君,,躁則失君,躁則失君
66,10,,,,,,,,,,,,
67,0,善行者無勶迹,,,,,善行者无勶迹,善行者无達迹,善行無轍迹,善行無轍迹,,善行無徹迹,善行者無徹迹
67,1,善言者無瑕適,,,,,□言者无瑕適,善言者无瑕適,善言無瑕讁,善言無瑕讁,,善言無瑕適,善言者無瑕謫
67,2,善數者不用檮筴,,,,,善數者不以檮𥯻,善數者不用檮[𥫗片s],善數不用籌策,善計不用籌策,,善計不用籌[𥫗卡s],善數者無籌策
67,3,善閉者無關鍵,,,,,善閉者无𫔢籥,善○閉者无關籥,善閉無關楗而不可開,善閉無關揵（楗）而不可開,,善閉無關揵不可開,善閉者無關鍵而不可開
67,4,不可啟,,,,,而不可啟也,而不可啟也,,,,,
67,5,善結者無繩約,,,,,善結者□□約,善結者无𦄿約,善結無繩約而不可解,善結無繩約而不可解,,善結無繩約不可解,善結者無繩約而不可解
67,6,不可解,,,,,而不可解也,而不可解也,,,,,
67,7,故聖人恒善救人,,,,,是以聲人恒善㤹人,是以𦔻人恒善㤹人,是以聖人常善救人,是以聖人常善救人,,是以聖人常善救人,是以聖人常善救人
67,8,而無棄人,,,,,而无棄人,而无棄人,故無棄人,故無棄人,,而無棄人,故人無棄人
67,9,物無棄財,,,,,物无棄財,物无棄財,常善救物,常善救物,,常善救物,常善救物
67,10,,,,,,,,故無棄物,故無棄物,,而無棄物,故物無棄物
67,11,是謂欲明,,,,,是胃𢘽明,是胃曳明,是謂襲明,是謂襲明,,是謂襲明,是謂襲明
67,12,善,,,,,故善□,故善,故善人者,故善人者,,善人,故善人者
67,13,人=之師也,,,,,□□之師,人=之師,不善人之師,不善人之師,,不善人師,不善人之師
67,14,不善,,,,,不善人,不善人,不善人者,不善人者,,不善人,不善人者
67,15,人=之資也,,,,,善人之齎也,善人之資也,善人之資,善人之資,,善人之資,善人之資
67,16,不貴其師,,,,,不貴其師,不貴亓師,不貴其師,不貴其師,,不貴其師,不貴其師
67,17,不愛其資,,,,,不愛其齎,不愛亓資,不愛其資,不愛其資,,不愛其資,不愛其資
67,18,唯智必大迷,,,,,唯知乎大眯,雖知乎大迷,雖智大迷,雖智大迷,,雖知大迷,雖知大迷
67,19,此謂眇要,,,,,是胃眇要,是胃眇要,是謂要妙,是謂要妙,,此謂要妙,此謂要妙
67,20,,,,,,,,,,,,
68,0,智其雄,,,,,知其雄,知亓雄,知其雄,知其雄,,知其雄,知其雄
68,1,守其雌,,,,,守其雌,守亓雌,守其雌,守其雌,,守其雌,守其雌
68,2,爲=天,,,,,爲=天,爲=天,爲天下谿,爲天下谿,,爲天下奚,爲天下谿
68,3,下=谿,,,,,下=溪,下=雞,爲天下谿,爲天下谿,,,爲天下谿
68,4,恒德不離,,,,,,恒=德,常德不離,常德不離,,常德不離,常德不離
68,5,,,,,,不=雞,不=离,,,,,
68,6,復歸於嬰兒,,,,,復歸嬰兒,復□□□□,復歸於嬰兒,復歸於孾（嬰）兒,,復歸於嬰兒,復歸於嬰兒
68,7,智其白,,,,,知其白,□亓白,知其白,知其白,,知白,知其白
68,8,守其辱,,,,,守其辱,守亓辱,守其黑,守其黑,,守其黑,守其黑
68,9,爲=天,,,,,爲=天,爲=天,爲天下式,爲天下式,,爲天下式,爲天下式
68,10,下=谷,,,,,下=浴，%`浴後重文,下=○浴,爲天下式,爲天下式,,,爲天下式
68,11,恒德乃足,,,,,恒德=\%`恒後重文,恒=德,常德不忒,常德不忒,,常德不貸,常德不忒
68,12,,,,,,乃=□□,乃=足,,,,,
68,13,復歸於樸,,,,,□□□□,復歸於樸,復歸於無極,復歸於無極,,復歸於无極,復歸於無極
68,14,智其白,,,,,知其,知亓白,知其榮,知其榮,,知其榮,知其榮
68,15,守其黑,,,,,守其黑,守亓黑,守其辱,守其辱,,守其辱,守其辱
68,16,爲=天,,,,,爲=天,爲=天,爲天下谷,爲天下谷,,爲天下谷,爲天下谷
68,17,下=武,,,,,下=式,下=式,爲天下谷,爲天下谷,,爲天下谷,爲天下谷
68,18,恒德不貣,,,,,恒德=\%`恒後重文,恒=德,常德乃足,常德乃足,,常德乃足,常德乃足
68,19,,,,,,不=貣,不=貸,,,,,
68,20,復歸於無極,,,,,復歸於无極,復歸於无極,復歸於樸,復歸於朴,,復歸於樸,復歸於樸
68,21,樸散則爲成器,,,,,楃散□□□,樸散則爲器,樸散則爲器,朴散則爲器,,樸散爲器,樸散則爲器
68,22,聖人用則爲官長,,,,,□人用則爲官長,𦔻人用則爲官長,聖人用之則爲官長,聖人用之則爲官長,,聖人用爲官長,聖人用之則爲官長
68,23,,,,,,,,故大制不割,故大制不割,,是以大制无割,大制無割
68,24,,,,,,,,,,,,
69,0,大制無畍,,,,,夫大制无割,夫大制无割,,,,,
69,1,將欲取天下而爲之,,,,,將欲取天下而爲之,將欲取□□□□□,將欲取天下而爲之,將欲取天下而爲之,,將欲取天下而爲之,將欲取天下而爲之者
69,2,吾見其不得已,,,,,吾見其弗□□,□□□□得已,吾見其不得已,吾見其不得已,,吾見其不得已,吾見其不得已
69,3,天下神器,,,,,□□□器也,夫天下神器也,天下神器,天下神器,,天下神器,夫天下神器
69,4,非可爲,,,,,非可爲者也,非可爲者也,不可爲也,不可爲也,,不可爲,不可爲也
69,5,之者敗之,,,,,爲者敗之,爲之者敗之,爲者敗之,爲者敗之,,爲者敗之,爲者敗之
69,6,執之者失之,,,,,執者失之,執之者失之,執者失之,執者失之,,執者失之,執者失之
69,7,物或行或隨,,,,,物或行或隨,○物或行或隋,故物或行或隨,故物或行或隨,,夫物或行或隨,凡物或行或隨
69,8,或熱或炊,,,,,或炅或□,或熱或䂳,或歔或吹,或呴或吹,,或噓或吹,或噤或吹
69,9,或强或㭫,,,,,□□□□,,或强或羸,或强或羸,,或彊或羸,或彊或剉
69,10,或伓或隋,,,,,或坏或撱,或陪或墮,或挫或隳,或載或隳,,或接或隨,或培或墮
69,11,是以聖人去甚,,,,,是以聲人去甚,是以𦔻人去甚,是以聖人去甚,是以聖人去甚,,是以聖人去甚,是以聖人去甚
69,12,去奢,,,,,去大,去大,去奢,去奢,,去奢,去奢
69,13,去泰,,,,,去楮,去諸,去泰,去泰,,去泰,去泰
69,14,,,,,,,,,,,,
70,0,以道佐人主,以𧗟差人宔者,以𧗟差人宔者,,,以道佐人主,以道佐人主,以道佐人主者,以道佐人主者,,以道佐人主者,以道佐人主者
70,1,不以兵强於天下,不谷以兵[弓𠮡]於天下,不谷以兵[弓𠮡]於天下,,,不以兵强□天下,不以兵强於天下,不以兵强天下,不以兵强天下,,不以兵彊天下,不以兵彊天下
70,2,其事好睘,,,,,□□□□,亓□□□,其事好還,其事好還,,其事好還,其事好還
70,3,師之所居,,,,,□□所居,□□□□,師之所處,師之所處,,師之所處,師之所處
70,4,楚棘生之,,,,,楚朸生之,□棘生之,荊棘生焉,荊棘生焉,,荊棘生,荊棘生焉
70,5,,,,,,,,大軍之後,大軍之後,,,大軍之後
70,6,,,,,,,,必有凶年,必有凶年,,,必有凶年
70,7,善者果而已,善者果而已,善者果而已,,,善者果而已矣,善者果而已矣,善有果而已,善者果而已,,故善者果而已,故善者果而已矣
70,8,不以取强,不以取[弓𠮡],不以取[弓𠮡],,,毋以取强焉,毋以取强焉,不敢以取强,不敢以取强,,不以取彊,不敢以取彊焉
70,9,故果而毋矜,果而弗癹,果而弗癹,,,果而毋䮦,果而毋驕,果而勿矜,果而勿矜,,果而勿驕,果而勿矜
70,10,果而毋驕,果而弗喬,果而弗喬,,,果而勿矜,果而勿矜,果而勿伐,果而勿伐,,果而勿矜,果而勿伐
70,11,果而毋發,果而弗[矛命],果而弗[矛命],,,果而□□,果□□伐,果而勿驕,果而勿驕,,果而勿伐,果而勿驕
70,12,果而毋不得已,,,,,果而毋得已居,果而毋得已居,果而不得已,果而不得已,,果而不得已,果而不得已
70,13,,是胃果而不[弓𠮡],是胃果而不[弓𠮡],,,是胃□而不强,是胃果而强,果而勿强,果而勿强,,是果而勿彊,是果而勿彊
70,14,物壯則老,,,,,物壯而老,物壯而老,物壯則老,物壯則老,,物壯則老,物壯則老
70,15,謂之不,,,,,是胃之不,胃之不,是謂不道,是謂不道,,謂之非道,是謂非道
70,16,道=蚤已矣,,,,,道=蚤已,道=蚤已,不道早已,不道早已,,非道早已,非道早已
70,17,,亓事好長,亓事好長,,,,,,,,,
70,18,,,,,,,,,,,,
71,0,夫觟美,,,,,夫兵者,夫兵者,夫佳兵者,夫佳兵〔者,,夫佳兵者,夫美兵者
71,1,不恙之器也,,,,,不祥之器□,不祥之器也,不祥之器,不祥之器,,不祥之器,不祥之器
71,2,物或惡之,,,,,物或惡之,物或亞□,物或惡之,物或惡之,,物或惡之,物或惡之
71,3,故有欲者弗居也,,,,,故有欲者弗居,□□□□□□,故有道者不處,故有道者不處,,故有道不處,故有道者不處
71,4,是以君子居則貴左,君子居則貴左,,,君子居則貴左,君子居則貴左,□子居則貴左,君子居則貴左,君子居則貴左,,君子居則貴左,是以君子居則貴左
71,5,用兵則貴右,甬兵則貴右,,,甬兵則貴右,用兵則貴右,用兵則貴右,用兵則貴右,用兵則貴右,,用兵則貴右,用兵則貴右
71,6,,古曰,,,古曰,,,,,,,
71,7,兵者,兵者,,,兵者,故兵者,故兵者,兵者,兵者,,兵者,兵者
71,8,非君子之器也,□□□□□,,,□□□□□,非君子之器也,非君子之器,不祥之器,不祥之器,,不祥器,不祥之器
71,9,,,,,,,兵者,,,,,
71,10,不恙之器也,,,,,□□不祥之器也,不祥□器也,非君子之器,非君子之器,,非君子之器,非君子之器
71,11,不得已而用之,□[貝寸s]已而甬之,,,□[貝寸s]已而甬之,不得已而用之,不得已而用之,不得已而用之,不得已而用之,,不得已而用之,不得已而用之
71,12,恬僂爲上,[(金(厂(舌月s)b)z)][糹龏]爲上,,,[(金(厂(舌月s)b)z)][糹龏]爲上,銛襲爲上,銛𢤱爲上,恬淡爲上,恬惔爲上,,恬惔爲上,以恬憺爲上
71,13,弗美,弗[女𡵂]也,,,弗[女𡵂]也,勿美也,勿美也,勝而不美,勝而不美,,故不美,故不美也
71,14,若美之,[女𡵂]之,,,[女𡵂]之,若美之,若美之,而美之者,而美之者,,若美,若美
71,15,是樂,,,,,,,,,,必樂之,必樂之
71,16,,,,,,,,,,,,樂之者
71,17,之=是=樂,是樂殺人,,,是樂殺人,是樂殺人也,是樂殺人也,是樂殺人,是樂殺人,,是煞人,是樂殺人也
71,18,殺=人,夫樂□□\`字數有疑,,,夫樂□□\`字數有疑,夫樂殺人,夫樂殺人,夫樂殺人者,夫樂殺人者,,夫樂煞者,夫樂人殺人者
71,19,不可以得志於天下,□以[貝寸]志於天下,,,□以[貝寸]志於天下,不可以得志於天下矣,不可以得志於天下矣,則不可以得志於天下矣,則不可以得志於天下矣,,不可以得意於天下,不可以得志於天下矣
71,20,是以吉事上左,古吉事上左,,,古吉事上左,是以吉事上左,是以吉事□□,吉事尚左,吉事尚左,,故吉事尚左,故吉事尚左
71,21,喪事上右,[𠷫#𧘇死=]事上右,,,[𠷫#𧘇死=]事上右,喪事上右,□□□□,凶事尚右,凶事尚右,,喪事尚右,凶事尚右
71,22,扁將軍居左,是以[卞又s]𨟻軍居左,,,是以[卞又s]𨟻軍居左,是以便將軍居左,是以偏將軍居左,偏將軍居左,偏將軍居左,,是以偏將軍居左,是以偏將軍處左
71,23,上將軍居右,上𨟻軍居右,,,上𨟻軍居右,上將軍居右,而上將軍居右,上將軍居右,上將軍居右,,上將軍居右,上將軍處右
71,24,言以喪禮居之,言以[𠷫#𧘇死=]豊居之也,,,言以[𠷫#𧘇死=]豊居之也,言以喪禮居之也,言以喪禮居之也,言以喪禮處之,言以喪禮處之,,言以喪礼處之,言居上勢
71,25,,,,,,,,,,,,則以喪禮處之
71,26,殺人眾,古殺□□,,,古殺□□,殺人眾,殺□□□,殺人之眾,殺人之眾（眾多,,煞人眾多,殺人眾多
71,27,則以悲哀立之,則以𪫳悲位之,,,則以𪫳悲位之,以悲依立之,□□立□,以哀悲泣之,以悲哀泣之,,以悲哀泣之,則以悲哀泣之
71,28,戰勝,𡃣[乘力],,,𡃣[乘力],戰勝,□朕,戰勝,戰勝,,戰勝,戰勝者
71,29,以喪禮居之,則以[𠷫#𧘇死=]豊居之,,,則以[𠷫#𧘇死=]豊居之,以喪禮處之,而以喪禮處之,以喪禮處之,以喪禮處之,,以喪礼處之,則以喪禮處之
71,30,,,,,,,,,,,,
72,0,道恒無名,道亙亡明,道亙亡明,,,道恒无名,道恒无名,道常無名,道常無名,,道常无名,道常無名
72,1,樸唯小,[僕臣s]唯妻,[僕臣s]唯妻,,,楃唯□,樸唯小,樸雖小,樸雖小,,樸雖小,樸雖小
72,2,天下弗敢臣,天[陀土s]弗敢臣,天[陀土s]弗敢臣,,,□□□□□□,而天下弗敢臣,天下莫能臣也,天下不敢臣,,天下不敢臣,天下莫能臣
72,3,侯王若能守之,矦王女能獸之,矦王女能獸之,,,□王若能守之,侯王若能守之,侯王若能守之,侯王若能守之,,王侯若能守,王侯若能守
72,4,萬物將自賓,萬勿𨟻自[宀貝s],萬勿𨟻自[宀貝s],,,萬物將自賓,萬物將自賓,萬物將自賓,萬物將自賓,,萬物將自賓,萬物將自賓
72,5,天地相合,天[陀土s]相𣌭也,天[陀土s]相𣌭也,,,天地相合,天地相合,天地相合,天地相合,,天地相合,天地相合
72,6,以俞甘露,以逾甘𩂣,以逾甘𩂣,,,以俞甘洛,以俞甘洛,以降甘露,以降甘露,,以降甘露,以降甘露
72,7,民莫之令而自均安,民莫之命而自均安,民莫之命而自均安,,,民莫之□□□□焉,□□□令而自均焉,民莫之令而自均,民莫之令而自均,,民莫之令而自均,民莫之令而自均焉
72,8,始正有名,[詞#口-]折又明,[詞#口-]折又明,,,始制有□,始制有名,始制有名,始制有名,,始制有名,始制有名
72,9,亦既有,亦既又,亦既又,,,□□□有,亦既有,名亦既有,名亦既有,,名亦既有,名亦既有
72,10,夫亦將智,夫亦𨟻智,夫亦𨟻智,,,夫□□□□,夫亦將知,夫亦將知止,天亦將知之,,夫亦將知止,夫亦將知止
72,11,止=所以不殆,𣥕=所以不[詞#口-],𣥕=所以不[詞#口-],,,□□所以不□,止=所以不殆,知止可以不殆,知之所以不殆,,知止不殆,知止所以不殆
72,12,避道之在天下,卑道之才天下也,卑道之才天下也,,,俾道之在□□□,卑□□在天下也,譬道之在天下,譬道之在天下,,譬道在天下,譬道之在天下
72,13,猶小谷之與江海,猷少浴之與江𣳠,猷少浴之與江𣳠,,,□□浴之與江海也,猷小浴之與江海也,猶川谷之於江海,猶川谷之與江海,,猶川谷與江海,猶川谷之與江海也
72,14,,,,,,,,,,,,
72,15,故智人者智,,,,,知人者知也,知人者知也,知人者智,知人者智,,知人者智,知人者智也
72,16,自智者明,,,,,自知者□□,自知明也,自知者明,自知者明,,自知者明,自知者明也
72,17,勝人者有力,,,,,□□□有力也,朕人者有力也,勝人者有力,勝人者有力,,勝人有力,勝人者有力也
72,18,自勝者强,,,,,自勝者□□,自朕者强也,自勝者强,自勝者强,,自勝者彊,自勝者彊也
72,19,智足者富,,,,,□□□□也,知足者富也,知足者富,知足者富,,知足者富,知足者富也
72,20,强行者有志,,,,,强行者有志也,强行者有志也,强行者有志,强行者有志,,彊行有志,彊行者有志也
72,21,不失其所者久,,,,,不失其所者久也,不失亓所者久也,不失其所者久,不失其所者久,,不失其所者久,不失其所者久也
72,22,死而不亡者壽,,,,,死不忘者壽也,死而不忘者壽也,死而不亡者壽,死而不亡者壽,,死而不亡者壽,死而不亡者壽也
72,23,,,,,,,,,,,,
73,0,道泛旖,,,,,道□□,道渢呵,大道氾兮,大道氾兮,,大道氾,大道汎汎兮
73,1,其可左右,,,,,□□□□□,亓可左右也,其可左右,其可左右,,其可左右,其可左右
73,2,萬物作而生弗辤,,,,,,,萬物恃之而生而不辭,萬物恃之而生而不辭,,萬物恃以生而不辭,萬物恃之以生而不辭
73,3,成功而弗名有,,,,,□□遂事而弗名有也,成功遂□□弗名有也,功成不名有,功成不名有,,成功不名有,功成而不居
73,4,愛利萬物而弗爲主,,,,,萬物歸焉而弗爲主,萬物歸焉而弗爲主,衣養萬物而不爲主,愛養萬物而不爲主,,衣被萬物不爲主,衣被萬物而不爲主
73,5,故恒無欲矣,,,,,則恒无欲也,則恒无欲也,常無欲,常無欲,,,故常無欲
73,6,可名於小,,,,,可名於小,可名於小,可名於小,可名於小,,可名於小,可名於小矣
73,7,萬物歸焉而弗爲主,,,,,萬物歸焉□□爲主,萬物歸焉而弗爲主,萬物歸焉而不爲主,萬物歸焉而不爲主,,萬物歸之不爲主,萬物歸之而不知主
73,8,可名於大,,,,,可名於大,可命於大,可名爲大,可名爲大,,可名於大,可名於大矣
73,9,是以聖人能成大也,,,,,是□聲人之能成大也,是以𦔻人之能成大也,,,,,是以聖人能成其大也
73,10,以其不爲大,,,,,以其不爲大也,以亓不爲大也,以其終不自爲大,是以聖人終不爲大,,是以聖人終不爲大,以其終不自大
73,11,故能成大,,,,,故能成大,故能成大,故能成其大,故能成其大,,故能成其大,故能成其大
73,12,,,,,,,,,,,,
74,0,埶大象,埶大象,,,埶大象,執大象,執大象,執大象,執大象,,執大象,執大象者
74,1,天下往,天下往,,,天下往,□□往,天下往,天下往,天下往,,天下往,天下往
74,2,而不害,而不害,,,而不害,而不害,而不害,往而不害,往而不害,,往而不害,往而不害
74,3,安平大,安坪大,,,安坪大,安平大,安平大,安平太,安平太,,安平大樂,安平泰
74,4,樂與餌,樂與餌,,,樂與餌,樂與餌,樂與□,樂與餌,樂與餌,,與珥,樂與餌
74,5,過客止,[化心s]客𣥕,,,[化心s]客𣥕,過格止,過格止,過客止,過客止,,過客止,過客止
74,6,道之出言曰,古道□□□,,,古道□□□,故道之出言也,故道之出言也,道之出口,道之出口,,道出言,道之出言
74,7,淡旖其無味,淡可亓無味也,,,淡可亓無味也,曰談呵其无味也,曰淡呵亓无味也,淡乎其無味,淡乎其無味,,淡无味,淡兮其無味
74,8,視之不足見,視之不足見,,,視之不足見,□□不足見也,視之不足見也,視之不足見,視之不足見,,視不足見,視之不足見
74,9,聽之不足聞,聖之不足𦖞,,,聖之不足𦖞,聽之不足聞也,聽之不足聞也,聽之不足聞,聽之不足聞,,聽不足聞,聽之不足聞
74,10,用之不可既也,而不可既也,,,而不可既也,用之不可既也,用之不可既也,用之不足既,用之不可既,,用不可既,用之不可既
74,11,,,,,,,,,,,,
75,0,將欲欱之,,,,,將欲拾之,將欲㩉之,將欲歙之,將欲噏之,,將欲翕之,將欲翕之
75,1,必古張之,,,,,必古張之,必古張之,必固張之,必固張之,,必固張之,必固張之
75,2,將欲弱之,,,,,將欲弱之,將欲弱之,將欲弱之,將使（欲）弱之,,將欲弱之,將欲弱之
75,3,必古强之,,,,,□□强之,必古○强之,必固强之,必固强之,,必固彊之,必固彊之
75,4,將欲廢之,,,,,將欲去之,將欲去之,將欲廢之,將欲廢之,,將欲廢之,將欲廢之
75,5,必古舉之,,,,,必古與之,必古與之,必固興之,必固興之,,必固興之,必固興之
75,6,將欲奪之,,,,,將欲奪之,將欲奪之,將欲奪之,將欲奪之,,將奪之,將欲奪之
75,7,必古予之,,,,,必古予之,必古予□,必固與之,必固與之,,必固與之,必固與之
75,8,是謂微明,,,,,是胃微明,是胃微明,是謂微明,是謂微明,,是謂微明,是謂微明
75,9,耎弱勝强,,,,,[(工工#丨=丨=)]弱勝强,柔弱朕强,柔弱勝剛强,柔弱勝剛强,,柔弱勝剛彊,柔之勝剛
75,10,,,,,,,,,,,,弱之勝彊
75,11,魚不可說於淵,,,,,魚不脱於㴋,魚不可說於淵,魚不可脱於淵,魚不可脱於淵,,魚不可勝於淵,魚不可侻於淵
75,12,國之利器不可以視人,,,,,邦利器不可以視人,國利器不可以示人,國之利器不可以示人,國之利器不可以示人,,國有利器,邦之利器不可以示人
75,13,,,,,,,,,,,不可以視人,
75,14,,,,,,,,,,,,
76,0,道恒無爲,𧗟亙亡爲也,𧗟亙亡爲也,,,道恒无名,道恒无名,道常無爲而無不爲,道常無爲而無不爲,,道常無爲而無不爲,道常無爲而無不爲
76,1,侯王若能守之,矦王能守之,矦王能守之,,,侯王若守之,侯王若能守之,侯王若能守之,侯王若能守〔之,,王侯若能守,王侯若能守
76,2,萬物將自化,而萬勿𨟻自𢡺,而萬勿𨟻自𢡺,,,萬物將自𢡺,萬物將自化,萬物將自化,萬物將自化,,萬物將自化,萬物將自化
76,3,而欲作,而𨿜[乍又s],而𨿜[乍又s],,,而欲□,而欲作,化而欲作,化而欲作,,化而欲作,化而欲作
76,4,吾將寘之以無=名,𨟻貞之以亡明之[僕臣s],𨟻貞之以亡明之[僕臣s],,,□□□□□□=名,吾將闐=之=以=无,吾將鎮之以無名之樸,吾將鎮之以無名之朴,,吾將鎮之以无名之樸,吾將鎮之以無名之樸
76,5,之=樸,,,,,之=楃,名=之=樸,無名之樸,無名之朴,,无名之樸,無名之樸
76,6,夫亦將不,夫亦𨟻智,夫亦𨟻智,,,夫將不,夫將不,夫亦將無欲,亦將不欲,,亦將不欲,夫亦將不欲
76,7,辱=以靜,足以束,足以束,,,辱=以情,辱=以靜,不欲以靜,不欲以靜,,无欲以靜,不欲以靖
76,8,天地將自正,萬勿𨟻自定,萬勿𨟻自定,,,天地將自正,天地將自正,天下將自定,天下將自定,,天地自止,天下將自正
76,9,//•凡二千三百三,,,,,,//道 二千四百廿六,,,,,
76,10,,,,,,,,,,,,
